"ANNO_INF","DPTO_CARGA","CODIGO_SED","DIVIPOLA_MUNICIPIO","CTE_ID_SECTOR","CTE_ID_ZONA","TOTAL_SEDES"
2022,13,3767,13744,1,1,4
2022,13,3767,13760,1,1,5
2022,13,3767,13780,1,1,6
2022,13,3767,13836,1,1,18
2022,13,3767,13838,1,1,6
2022,13,3767,13873,1,1,5
2022,13,3767,13894,1,1,8
2022,15,3770,15001,1,1,35
2022,15,3769,15022,1,1,2
2022,15,3769,15236,1,1,2
2022,15,3769,15047,1,1,2
2022,15,3769,15051,1,1,2
2022,15,3769,15087,1,1,3
2022,15,3769,15090,1,1,2
2022,15,3769,15097,1,1,3
2022,15,3769,15104,1,1,2
2022,15,3769,15106,1,1,2
2022,15,3769,15109,1,1,2
2022,15,3769,15114,1,1,1
2022,15,3769,15131,1,1,2
2022,15,3769,15135,1,1,2
2022,15,3769,15162,1,1,3
2022,15,3769,15172,1,1,2
2022,15,3769,15176,1,1,15
2022,15,3769,15180,1,2,28
2022,15,3769,15180,1,1,1
2022,15,3769,15183,1,1,4
2022,15,3769,15185,1,1,2
2022,15,3769,15187,1,1,2
2022,15,3769,15189,1,1,2
2022,15,3769,15204,1,1,2
2022,15,3769,15212,1,1,2
2022,15,3769,15215,1,1,2
2022,15,3769,15218,1,1,2
2022,15,3769,15223,1,1,2
2022,15,3769,15224,1,1,2
2022,15,3769,15226,1,1,2
2022,15,3769,15232,1,2,13
2022,15,3771,15238,1,1,17
2022,15,3769,15244,1,1,2
2022,15,3769,15248,1,1,2
2022,15,3769,15272,1,1,2
2022,15,3769,15276,1,1,2
2022,15,3769,15293,1,1,2
2022,15,3769,15296,1,1,2
2022,15,3769,15299,1,1,4
2022,15,3769,15317,1,1,2
2022,15,3769,15322,1,1,4
2022,15,3769,15325,1,1,2
2022,15,3769,15332,1,1,1
2022,15,3769,15332,1,2,18
2022,15,3769,15362,1,1,2
2022,15,3769,15362,1,2,3
2022,15,3769,15367,1,1,2
2022,15,3769,15368,1,1,2
2022,15,3769,15377,1,1,2
2022,15,3769,15380,1,1,2
2022,15,3769,15401,1,1,2
2022,15,3769,15403,1,1,2
2022,15,3769,15407,1,1,6
2022,15,3769,15425,1,1,2
2022,15,3769,15442,1,1,2
2022,15,3769,15455,1,1,2
2022,15,3769,15464,1,1,2
2022,15,3769,15466,1,1,3
2022,15,3769,15469,1,1,7
2022,15,3769,15476,1,1,2
2022,15,3769,15480,1,1,2
2022,15,3769,15491,1,1,2
2022,15,3769,15494,1,1,1
2022,15,3769,15500,1,1,2
2022,15,3769,15507,1,1,2
2022,15,3769,15511,1,1,2
2022,15,3769,15514,1,1,2
2022,15,3769,15516,1,1,6
2022,15,3769,15518,1,1,2
2022,15,3769,15522,1,1,2
2022,15,3769,15531,1,1,2
2022,15,3769,15533,1,1,1
2022,15,3769,15537,1,1,2
2022,15,3769,15542,1,1,2
2022,15,3769,15550,1,1,1
2022,15,3769,15572,1,1,6
2022,15,3769,15599,1,1,2
2022,15,3769,15600,1,1,2
2022,15,3769,15621,1,1,2
2022,15,3769,15632,1,1,1
2022,15,3769,15638,1,1,2
2022,15,3769,15646,1,1,3
2022,15,3769,15660,1,1,2
2022,15,3769,15664,1,1,2
2022,15,3769,15664,1,2,9
2022,15,3769,15667,1,1,2
2022,15,3769,15673,1,1,1
2022,15,3769,15676,1,1,2
2022,15,3769,15681,1,1,2
2022,15,3769,15686,1,1,2
2022,15,3769,15690,1,1,2
2022,15,3769,15693,1,1,2
2022,15,3769,15696,1,1,2
2022,15,3769,15720,1,1,1
2022,15,3769,15723,1,1,1
2022,15,3769,15740,1,1,2
2022,15,3769,15753,1,1,2
2022,15,3769,15755,1,1,3
2022,15,3769,15757,1,1,2
2022,15,3772,15759,1,1,22
2022,15,3772,15759,1,2,32
2022,15,3769,15762,1,1,2
2022,15,3769,15763,1,1,2
2022,15,3769,15764,1,1,1
2022,15,3769,15774,1,1,2
2022,15,3769,15776,1,1,2
2022,15,3769,15778,1,1,2
2022,15,3769,15790,1,1,2
2022,15,3769,15798,1,1,2
2022,15,3769,15804,1,1,3
2022,15,3769,15804,1,2,23
2022,15,3769,15806,1,1,2
2022,15,3769,15808,1,1,2
2022,15,3769,15810,1,1,2
2022,15,3769,15814,1,2,13
2022,15,3769,15814,1,1,2
2022,15,3769,15816,1,1,2
2022,15,3769,15820,1,1,2
2022,15,3769,15822,1,1,2
2022,15,3769,15832,1,1,2
2022,15,3769,15835,1,1,3
2022,15,3769,15837,1,1,2
2022,15,3769,15839,1,1,2
2022,15,3769,15842,1,1,2
2022,15,3769,15861,1,1,2
2022,15,3769,15879,1,1,2
2022,15,3769,15897,1,2,17
2022,15,3769,15897,1,1,2
2022,17,3774,17001,1,1,74
2022,17,3773,17013,1,1,9
2022,17,3773,17042,1,1,11
2022,17,3773,17050,1,1,5
2022,17,3773,17088,1,1,4
2022,17,3773,17174,1,1,11
2022,17,3773,17272,1,1,3
2022,17,3773,17380,1,1,16
2022,17,3773,17388,1,1,2
2022,17,3773,17433,1,1,6
2022,17,3773,17442,1,1,2
2022,17,3773,17444,1,1,6
2022,17,3773,17446,1,1,2
2022,17,3773,17486,1,1,5
2022,17,3773,17495,1,1,3
2022,17,3773,17513,1,1,5
2022,17,3773,17524,1,1,2
2022,17,3773,17541,1,1,7
2022,17,3773,17614,1,1,9
2022,17,3773,17616,1,1,3
2022,17,3773,17653,1,1,4
2022,17,3773,17662,1,1,3
2022,17,3773,17777,1,1,5
2022,17,3773,17867,1,1,2
2022,17,3773,17873,1,1,6
2022,17,3773,17877,1,1,8
2022,18,3776,18001,1,1,44
2022,18,3776,18001,2,1,41
2022,18,3775,18150,1,1,6
2022,18,3775,18205,1,1,2
2022,18,3775,18247,1,1,10
2022,18,3775,18592,1,1,8
2022,18,3775,18610,1,1,5
2022,18,3775,18753,1,1,10
2022,18,3775,18753,1,2,222
2022,18,3775,18860,1,1,3
2022,19,3778,19001,1,1,70
2022,19,3778,19001,1,2,57
2022,19,3777,19022,1,1,2
2022,19,3777,19022,1,2,61
2022,19,3777,19050,1,1,3
2022,19,3777,19075,1,1,4
2022,19,3777,19075,1,2,63
2022,19,3777,19100,1,1,5
2022,19,3777,19110,1,1,3
2022,19,3777,19130,1,1,4
2022,19,3777,19137,1,1,3
2022,19,3777,19137,1,2,89
2022,19,3777,19142,1,1,4
2022,19,3777,19212,1,1,9
2022,19,3777,19256,1,1,4
2022,19,3777,19318,1,1,11
2022,19,3777,19355,1,1,3
2022,19,3777,19364,1,1,2
2022,19,3777,19392,1,1,2
2022,19,3777,19392,1,2,42
2022,19,3777,19397,1,1,1
2022,19,3777,19418,1,1,3
2022,19,3777,19450,1,1,6
2022,19,3777,19455,1,1,7
2022,19,3777,19455,1,2,27
2022,19,3777,19473,1,1,2
2022,19,3777,19513,1,1,3
2022,19,3777,19517,1,2,96
2022,19,3777,19532,1,1,9
2022,19,3777,19532,1,2,79
2022,19,3777,19548,1,1,6
2022,19,3777,19573,1,1,14
2022,19,3777,19585,1,2,36
2022,19,3777,19585,1,1,4
2022,19,3777,19622,1,1,3
2022,19,3777,19693,1,1,2
2022,19,3777,19693,1,2,33
2022,19,3777,19698,1,1,20
2022,19,3777,19701,1,2,31
2022,19,3777,19701,1,1,2
2022,19,3777,19743,1,1,6
2022,19,3777,19760,1,1,1
2022,19,3777,19780,1,1,3
2022,19,3777,19807,1,1,7
2022,19,3777,19809,1,1,8
2022,19,3777,19821,1,1,1
2022,19,3777,19824,1,1,2
2022,20,3780,20001,1,1,62
2022,20,3780,20001,2,1,200
2022,20,3780,20001,1,2,119
2022,23,3781,23686,2,1,2
2022,23,3781,23807,2,2,1
2022,25,3785,25001,2,1,2
2022,25,3785,25035,2,1,2
2022,25,3785,25040,2,2,1
2022,25,3785,25053,2,2,1
2022,25,3785,25123,2,1,1
2022,25,3785,25126,2,1,14
2022,25,10904,25175,2,1,43
2022,25,10904,25175,2,2,38
2022,25,3785,25181,2,1,1
2022,25,3785,25183,2,1,3
2022,25,3785,25200,2,1,4
2022,25,3785,25214,2,1,10
2022,25,3785,25245,2,1,2
2022,25,3785,25260,2,1,7
2022,25,10850,25269,2,1,59
2022,25,3785,25279,2,1,1
2022,25,10851,25286,2,1,44
2022,25,3786,25290,2,1,43
2022,25,3786,25290,2,2,3
2022,25,3785,25295,2,1,7
2022,25,3785,25312,2,2,1
2022,25,3785,25320,2,1,4
2022,25,3785,25322,2,1,1
2022,25,3785,25326,2,1,1
2022,25,3785,25377,2,1,8
2022,25,3785,25377,2,2,13
2022,25,3785,25386,2,1,7
2022,25,3785,25386,2,2,1
2022,25,3785,25430,2,1,50
2022,25,3785,25402,2,1,1
2022,25,3785,25407,2,1,1
2022,25,3785,25426,2,1,1
2022,25,10857,25473,2,1,31
2022,25,3785,25486,2,1,4
2022,25,3785,25488,2,1,2
2022,25,3785,25513,2,1,3
2022,25,3785,25572,2,1,3
2022,25,3785,25612,2,1,1
2022,25,3785,25645,2,1,2
2022,25,3785,25658,2,1,2
2022,25,3785,25662,2,2,1
2022,25,3785,25736,2,1,3
2022,25,3785,25740,2,1,14
2022,25,3785,25743,2,1,1
2022,25,3785,25745,2,1,3
2022,25,3785,25758,2,1,6
2022,25,3785,25769,2,1,3
2022,25,3785,25772,2,1,1
2022,25,3785,25779,2,1,1
2022,25,3785,25781,2,1,1
2022,25,3785,25785,2,1,9
2022,25,3785,25815,2,1,2
2022,25,3785,25817,2,1,4
2022,25,3785,25295,2,2,1
2022,25,3785,25843,2,2,3
2022,25,3785,25845,2,1,1
2022,25,3785,25873,2,1,3
2022,25,3785,25875,2,1,9
2022,25,10930,25899,2,1,55
2022,25,10930,25899,2,2,8
2022,25,3785,25200,2,2,3
2022,27,3789,27361,2,1,4
2022,27,3789,27372,1,1,1
2022,41,3790,41615,2,2,3
2022,41,3790,41006,2,1,2
2022,41,3790,41020,2,1,1
2022,41,3790,41132,2,1,5
2022,41,3790,41298,2,1,7
2022,41,3790,41306,2,1,1
2022,41,3790,41319,2,1,2
2022,41,3790,41359,2,1,2
2022,41,3790,41396,2,1,3
2022,41,3790,41503,2,1,1
2022,41,3790,41524,2,1,4
2022,41,3790,41548,2,1,1
2022,41,4436,41551,2,1,29
2022,41,4436,41551,2,2,3
2022,41,3790,41615,2,1,3
2022,41,3790,41668,2,1,2
2022,41,3790,41770,2,1,2
2022,41,3790,41791,2,1,1
2022,41,3790,41807,2,1,3
2022,44,4449,44001,2,1,64
2022,44,3792,44035,2,1,5
2022,44,3792,44078,2,1,5
2022,44,3792,44378,2,2,2
2022,44,3792,44090,2,1,2
2022,44,3792,44110,2,1,3
2022,44,3792,44279,2,2,5
2022,44,3792,44279,2,1,2
2022,44,3792,44378,2,1,3
2022,44,3793,44430,2,1,21
2022,44,3792,44650,2,1,9
2022,44,4460,44847,2,1,1
2022,44,3792,44855,2,1,2
2022,44,3792,44874,2,1,5
2022,47,4911,47001,2,2,3
2022,47,3794,47030,2,1,1
2022,47,3794,47053,2,1,6
2022,47,3794,47058,2,1,4
2022,47,3794,47170,2,1,3
2022,47,3795,47189,2,1,49
2022,47,3794,47245,2,1,5
2022,47,3794,47268,2,1,2
2022,47,3794,47288,2,1,16
2022,47,3794,47545,2,1,1
2022,47,3794,47551,2,1,8
2022,47,3794,47555,2,1,6
2022,47,3794,47570,2,1,1
2022,47,3794,47707,2,1,1
2022,47,3794,47745,2,1,3
2022,50,3796,50006,2,1,21
2022,50,3796,50150,2,1,2
2022,50,3796,50287,2,1,1
2022,50,3796,50313,2,1,8
2022,50,3796,50318,2,2,2
2022,50,3796,50318,2,1,3
2022,50,3796,50330,2,1,2
2022,50,3796,50350,2,1,1
2022,50,3796,50370,2,1,1
2022,50,3796,50400,2,1,2
2022,50,3796,50568,2,1,8
2022,50,3796,50573,2,1,2
2022,50,3796,50577,2,1,1
2022,50,3796,50606,2,1,4
2022,50,3796,50680,2,1,1
2022,50,3796,50689,2,1,3
2022,50,3796,50711,2,1,2
2022,52,3799,52001,2,1,113
2022,52,3798,52110,2,1,2
2022,52,3798,52215,2,1,1
2022,52,3798,52227,2,1,1
2022,52,3798,52240,2,1,2
2022,52,3798,52317,2,1,1
2022,52,4546,52356,2,1,36
2022,52,3798,52399,2,1,3
2022,52,3798,52490,2,1,1
2022,52,3798,52585,2,1,1
2022,52,3798,52612,2,1,1
2022,52,3798,52678,2,1,1
2022,52,3800,52835,2,1,23
2022,52,3798,52838,2,1,4
2022,54,3801,54874,2,1,13
2022,54,3801,54405,2,1,18
2022,54,3801,54003,2,1,3
2022,54,3801,54172,2,1,4
2022,54,3801,54261,2,1,3
2022,54,3801,54344,2,1,1
2022,54,3801,54498,2,1,23
2022,54,3801,54518,2,1,13
2022,54,3801,54720,2,1,1
2022,54,3801,54800,2,1,1
2022,54,3801,54810,2,1,3
2022,63,3804,63001,2,1,31
2022,63,3804,63001,2,2,6
2022,63,3803,63130,2,2,1
2022,63,3803,63190,2,1,4
2022,63,3803,63690,2,2,4
2022,63,3803,63690,2,1,1
2022,63,3803,63130,2,1,5
2022,63,3803,63470,2,1,1
2022,63,3803,63594,2,1,1
2022,66,3806,66001,2,1,114
2022,66,3806,66001,2,2,28
2022,66,3807,66170,2,2,1
2022,66,3805,66400,2,1,1
2022,66,3805,66440,2,1,1
2022,66,3805,66682,2,1,13
2022,68,3811,68276,2,1,90
2022,68,4700,68547,2,2,7
2022,68,3811,68276,2,2,7
2022,68,3808,68077,2,1,16
2022,68,3808,68079,2,1,2
2022,68,3808,68079,2,2,1
2022,68,3810,68081,2,1,77
2022,68,3808,68147,2,1,1
2022,68,3808,68160,2,2,1
2022,68,3808,68176,2,2,1
2022,68,3808,68190,2,1,2
2022,68,3808,68229,2,1,1
2022,68,3808,68235,2,1,2
2022,68,3808,68255,2,1,1
2022,68,3808,68327,2,1,1
2022,68,3808,68385,2,1,1
2022,68,3808,68406,2,1,7
2022,68,3808,68432,2,1,4
2022,68,3808,68432,2,2,1
2022,68,3808,68464,2,1,1
2022,68,3808,68468,2,1,1
2022,68,4700,68547,2,1,36
2022,68,3808,68572,2,1,1
2022,68,3808,68575,2,2,1
2022,68,3808,68575,2,1,1
2022,68,3808,68615,2,1,2
2022,68,3808,68655,2,1,5
2022,68,3808,68679,2,1,24
2022,68,3808,68679,2,2,2
2022,68,3808,68682,2,2,1
2022,68,3808,68689,2,2,1
2022,68,3808,68755,2,1,12
2022,68,3808,68770,2,1,1
2022,68,3808,68855,2,1,1
2022,68,3808,68861,2,1,3
2022,68,3808,68872,2,1,2
2022,68,3808,68895,2,1,1
2022,70,3813,70110,2,1,3
2022,70,3813,70221,2,1,2
2022,70,3813,70233,2,1,1
2022,70,3813,70235,2,1,3
2022,70,3813,70265,2,1,1
2022,70,3813,70400,2,1,1
2022,70,3813,70429,2,1,2
2022,70,3813,70473,2,1,1
2022,70,3813,70508,2,1,3
2022,70,3813,70670,2,1,8
2022,70,3813,70702,2,1,2
2022,70,3813,70708,2,1,8
2022,70,3813,70713,2,1,3
2022,70,3813,70742,2,1,7
2022,70,3813,70820,2,1,10
2022,70,3813,70823,2,1,3
2022,73,3815,73043,2,1,1
2022,73,3815,73024,2,1,1
2022,73,3815,73067,2,1,2
2022,73,3815,73124,2,1,2
2022,73,3815,73148,2,1,3
2022,73,3815,73168,2,1,10
2022,73,3815,73217,2,1,2
2022,73,3815,73226,2,1,1
2022,73,3815,73236,2,1,1
2022,73,3815,73268,2,1,31
2022,73,3815,73275,2,1,7
2022,73,3815,73283,2,1,5
2022,73,3815,73319,2,1,6
2022,73,3815,73349,2,1,6
2022,73,3815,73352,2,1,2
2022,73,3815,73408,2,1,2
2022,73,3815,73411,2,1,7
2022,73,3815,73443,2,1,8
2022,73,3815,73449,2,1,19
2022,73,3815,73483,2,1,6
2022,73,3815,73504,2,1,2
2022,73,3815,73520,2,1,1
2022,73,3815,73555,2,1,2
2022,73,3815,73563,2,1,2
2022,73,3815,73585,2,1,8
2022,73,3815,73616,2,1,1
2022,73,3815,73624,2,1,1
2022,73,3815,73671,2,1,3
2022,73,3815,73870,2,1,1
2022,73,3815,73873,2,1,1
2022,76,3818,76001,2,2,13
2022,76,3817,76036,2,1,4
2022,76,3817,76041,2,1,1
2022,76,3820,76111,2,1,52
2022,76,3817,76113,2,1,5
2022,76,3817,76122,2,1,2
2022,76,3817,76126,2,1,1
2022,76,3817,76130,2,1,17
2022,76,3817,76130,2,2,10
2022,76,3821,76147,2,1,24
2022,76,3817,76233,2,1,3
2022,76,3817,76248,2,1,14
2022,76,3817,76248,2,2,4
2022,76,3817,76275,2,1,17
2022,76,3817,76306,2,1,6
2022,76,3817,76318,2,1,5
2022,76,4815,76364,2,1,39
2022,76,3817,76377,2,1,1
2022,76,3817,76400,2,1,1
2022,76,3817,76403,2,1,1
2022,76,3817,76563,2,1,9
2022,76,3817,76606,2,1,1
2022,76,3817,76622,2,1,5
2022,76,3817,76670,2,1,3
2022,76,3817,76736,2,1,3
2022,76,3823,76834,2,1,43
2022,76,4832,76892,2,1,20
2022,76,4832,76892,2,2,8
2022,76,3817,76895,2,1,2
2022,81,3824,81001,2,1,22
2022,81,3824,81065,2,1,4
2022,81,3824,81300,2,1,2
2022,81,3824,81736,2,1,7
2022,81,3824,81794,2,1,9
2022,81,3824,81794,2,2,3
2022,85,4841,85001,2,1,47
2022,85,3825,85010,2,1,4
2022,85,3825,85139,2,1,1
2022,85,3825,85162,2,1,1
2022,85,3825,85250,2,1,2
2022,85,3825,85410,2,1,1
2022,85,3825,85410,2,2,1
2022,85,3825,85440,2,1,4
2022,86,3826,86320,2,1,3
2022,86,3826,86568,2,1,9
2022,86,3826,86749,2,1,1
2022,86,3826,86757,2,1,1
2022,86,3826,86865,2,1,3
2022,86,3826,86885,2,1,3
2022,88,3827,88001,2,1,9
2022,91,3828,91001,2,1,5
2022,94,3829,94001,2,1,2
2022,95,3830,95001,2,1,12
2022,97,3831,97001,2,1,3
2022,5,7692,5045,2,2,1
2022,5,3760,5088,2,2,1
2022,5,3758,5172,2,2,1
2022,5,3758,5440,2,2,1
2022,5,3758,5664,2,2,1
2022,5,3758,5697,2,2,1
2022,8,4909,8001,2,2,1
2022,13,3767,13442,2,2,1
2022,13,3767,13673,2,2,1
2022,13,3767,13673,2,1,1
2022,15,3771,15238,2,2,1
2022,15,3769,15476,2,2,2
2022,15,3769,15491,2,2,4
2022,15,3769,15500,2,2,1
2022,15,3769,15632,2,2,1
2022,15,3769,15646,2,2,1
2022,15,3769,15740,2,2,1
2022,15,3769,15764,2,2,3
2022,15,3769,15808,2,1,1
2022,17,3773,17873,2,2,4
2022,17,3774,17001,2,2,1
2022,18,3776,18001,2,2,1
2022,19,3777,19130,2,2,1
2022,19,3777,19142,2,2,1
2022,19,3777,19397,2,1,1
2022,19,3777,19455,2,2,1
2022,19,3777,19824,2,2,1
2022,20,3779,20250,2,2,1
2022,23,3781,23350,2,2,1
2022,23,3783,23417,2,2,1
2022,25,3785,25001,2,2,1
2022,25,3785,25099,2,2,1
2022,25,3785,25260,2,2,1
2022,25,10850,25269,2,2,4
2022,25,10851,25286,2,2,1
2022,25,3785,25317,2,2,1
2022,25,3785,25335,2,2,1
2022,25,3785,25407,2,2,1
2022,25,3785,25430,2,2,4
2022,25,3785,25645,2,2,1
2022,25,3785,25718,2,2,1
2022,25,3785,25745,2,2,1
2022,25,3785,25758,2,2,2
2022,25,3785,25769,2,2,1
2022,25,3785,25785,2,2,5
2022,25,3785,25797,2,2,2
2022,25,3785,25799,2,2,5
2022,25,3785,25817,2,2,1
2022,27,3789,27160,1,1,1
2022,41,3790,41524,2,2,1
2022,47,3794,47980,2,1,13
2022,47,3794,47980,2,2,4
2022,47,3795,47189,2,2,1
2022,50,3796,50226,2,2,1
2022,50,3796,50573,2,2,1
2022,50,3796,50606,2,2,1
2022,52,3798,52585,2,2,1
2022,54,3802,54001,2,2,2
2022,54,3801,54553,2,1,1
2022,68,3808,68013,2,2,1
2022,68,3808,68020,2,2,1
2022,68,3808,68051,2,2,1
2022,68,3808,68077,2,2,1
2022,68,3810,68081,2,2,2
2022,68,3808,68092,2,2,1
2022,68,3808,68101,2,2,1
2022,68,3808,68132,2,2,1
2022,68,3808,68147,2,2,1
2022,68,3808,68152,2,2,1
2022,68,3808,68162,2,2,1
2022,68,3808,68167,2,2,1
2022,68,3808,68169,2,2,1
2022,68,3808,68179,2,2,1
2022,68,3808,68190,2,2,1
2022,68,3808,68207,2,2,1
2022,68,3808,68211,2,2,1
2022,68,3808,68217,2,2,1
2022,68,3808,68229,2,2,1
2022,68,3808,68235,2,2,1
2022,68,3808,68250,2,2,1
2022,68,3808,68255,2,2,1
2022,68,3808,68264,2,2,1
2022,68,3808,68266,2,2,1
2022,68,3808,68271,2,2,1
2022,68,3808,68296,2,2,1
2022,68,3808,68298,2,2,1
2022,68,3808,68318,2,2,1
2022,68,3808,68320,2,2,1
2022,68,3808,68322,2,2,1
2022,68,3808,68327,2,2,1
2022,68,3808,68344,2,2,1
2022,68,3808,68368,2,2,1
2022,68,3808,68377,2,2,1
2022,68,3808,68385,2,2,1
2022,68,3808,68397,2,2,1
2022,68,3808,68406,2,2,1
2022,68,3808,68418,2,2,1
2022,68,3808,68425,2,2,1
2022,68,3808,68444,2,2,2
2022,68,3808,68464,2,2,1
2022,68,3808,68468,2,2,1
2022,68,3808,68498,2,2,1
2022,68,3808,68500,2,2,1
2022,68,3808,68502,2,2,1
2022,68,3808,68533,2,2,1
2022,68,3808,68549,2,2,1
2022,68,3808,68572,2,2,1
2022,68,3808,68573,2,2,1
2022,68,3808,68615,2,2,1
2022,68,3808,68655,2,2,1
2022,68,3808,68669,2,2,1
2022,68,3808,68684,2,2,1
2022,68,3808,68686,2,2,1
2022,68,3808,68705,2,2,1
2022,68,3808,68720,2,2,1
2022,68,3808,68745,2,2,1
2022,68,3808,68755,2,2,1
2022,68,3808,68770,2,2,1
2022,68,3808,68780,2,2,1
2022,68,3808,68820,2,2,2
2022,68,3808,68855,2,2,1
2022,68,3808,68861,2,2,1
2022,68,3808,68867,2,2,1
2022,68,3808,68872,2,2,1
2022,68,3808,68895,2,2,1
2022,70,3813,70823,2,2,1
2022,73,3815,73168,2,2,1
2022,73,3815,73268,2,2,1
2022,73,3815,73275,2,2,1
2022,76,3817,76126,2,2,1
2022,76,3821,76147,2,2,1
2022,76,3817,76233,2,2,1
2022,76,3817,76275,2,2,1
2022,76,3817,76318,2,2,1
2022,76,4815,76364,2,2,3
2022,76,3822,76520,2,2,4
2022,76,3817,76895,2,2,1
2022,81,3824,81065,2,2,1
2022,85,4841,85001,2,2,1
2022,86,3826,86001,2,2,1
2022,95,3830,95015,1,1,1
2022,20,3779,20570,1,2,74
2022,20,3779,20011,1,1,24
2022,20,3779,20011,1,2,55
2022,20,3779,20013,1,1,18
2022,20,3779,20032,1,1,7
2022,20,3779,20045,1,1,4
2022,20,3779,20045,1,2,47
2022,20,3779,20060,1,1,8
2022,20,3779,20175,1,1,9
2022,20,3779,20178,1,1,8
2022,20,3779,20228,1,1,11
2022,20,3779,20228,1,2,35
2022,20,3779,20238,1,1,15
2022,20,3779,20238,1,2,60
2022,20,3779,20250,1,1,5
2022,20,3779,20250,1,2,22
2022,20,3779,20295,1,1,6
2022,20,3779,20295,1,2,9
2022,20,3779,20310,1,1,2
2022,20,3779,20383,1,1,2
2022,20,3779,20400,1,1,9
2022,20,3779,20443,1,1,6
2022,20,3779,20443,1,2,9
2022,20,3779,20517,1,1,6
2022,20,3779,20550,1,1,4
2022,20,3779,20614,1,1,3
2022,20,3779,20621,1,1,9
2022,20,3779,20710,1,1,7
2022,20,3779,20750,1,1,4
2022,20,3779,20770,1,1,4
2022,20,3779,20770,1,2,27
2022,20,3779,20787,1,1,6
2022,20,3779,20787,1,2,21
2022,23,3782,23001,1,1,66
2022,23,3782,23001,1,2,183
2022,23,3782,23001,2,1,84
2022,23,3781,23068,1,1,12
2022,23,3781,23079,1,1,5
2022,23,3781,23090,1,1,2
2022,23,3781,23162,1,1,13
2022,23,3781,23162,2,1,18
2022,23,3781,23162,1,2,40
2022,23,3781,23168,1,1,4
2022,23,3781,23182,1,1,8
2022,23,3781,23189,1,1,10
2022,23,3781,23189,1,2,47
2022,23,3781,23350,1,1,5
2022,23,3783,23417,1,1,12
2022,23,3783,23417,1,2,121
2022,23,3783,23417,2,1,17
2022,23,3781,23419,1,1,1
2022,23,3781,23419,1,2,27
2022,23,3781,23464,1,1,4
2022,23,3781,23466,1,1,15
2022,23,3781,23500,1,2,42
2022,23,3781,23500,1,1,1
2022,23,3781,23555,1,1,14
2022,23,3781,23570,1,1,4
2022,23,3781,23570,1,2,62
2022,23,3781,23574,1,2,45
2022,23,3781,23574,1,1,4
2022,23,3781,23580,1,1,4
2022,23,3781,23580,1,2,68
2022,23,3781,23586,1,1,2
2022,23,3781,23586,1,2,22
2022,23,3781,23586,2,1,1
2022,23,3784,23660,1,1,17
2022,23,3784,23660,1,2,91
2022,23,3781,23670,1,1,5
2022,23,3781,23815,1,2,36
2022,23,3781,23672,1,2,30
2022,23,3781,23672,1,1,4
2022,23,3781,23675,1,1,3
2022,23,3781,23678,1,1,2
2022,23,3781,23682,1,1,1
2022,23,3781,23686,1,1,5
2022,23,3781,23686,1,2,59
2022,23,3781,23807,1,1,12
2022,23,3781,23807,2,1,9
2022,23,3781,23855,1,1,7
2022,23,3781,23855,1,2,49
2022,25,3785,25001,1,1,3
2022,25,3785,25019,1,1,3
2022,25,3785,25035,1,1,4
2022,25,3785,25040,1,1,5
2022,25,3785,25053,1,1,3
2022,25,3785,25086,1,1,1
2022,25,3785,25086,1,2,9
2022,25,3785,25095,1,1,2
2022,25,3785,25099,1,1,4
2022,25,3785,25120,1,1,3
2022,25,3785,25123,1,1,2
2022,25,3785,25126,1,1,4
2022,25,3785,25126,1,2,8
2022,25,3785,25148,1,1,3
2022,25,3785,25151,1,1,5
2022,25,3785,25151,2,1,2
2022,25,3785,25154,1,1,2
2022,25,3785,25168,1,1,2
2022,25,10904,25175,1,1,7
2022,25,10904,25175,1,2,13
2022,25,3785,25178,1,1,2
2022,25,3785,25181,1,1,3
2022,25,3785,25183,1,1,4
2022,25,3785,25200,1,1,4
2022,25,3785,25214,1,1,3
2022,25,3785,25224,1,1,3
2022,25,3785,25245,1,1,3
2022,25,3785,25258,1,1,2
2022,25,10850,25269,1,1,17
2022,25,3785,25279,1,1,5
2022,25,3785,25281,1,1,2
2022,25,3785,25281,1,2,24
2022,25,10851,25286,1,1,15
2022,25,3785,25288,1,1,2
2022,25,3786,25290,1,1,24
2022,25,3785,25293,1,1,3
2022,25,3785,25295,1,1,3
2022,25,3785,25297,1,1,6
2022,25,3785,25299,1,1,3
2022,25,3787,25307,1,1,28
2022,25,3787,25307,2,1,61
2022,25,3785,25317,1,1,4
2022,25,3785,25320,1,1,9
2022,25,3785,25322,1,1,2
2022,25,3785,25324,1,1,3
2022,25,3785,25326,1,1,2
2022,25,3785,25328,1,1,4
2022,25,3785,25335,1,1,2
2022,25,3785,25339,1,1,2
2022,25,3785,25368,1,1,2
2022,25,3785,25372,1,1,2
2022,25,3785,25377,1,1,4
2022,25,3785,25386,1,1,4
2022,25,3785,25394,1,1,3
2022,25,3785,25398,1,1,1
2022,25,3785,25402,1,1,2
2022,25,3785,25407,1,2,22
2022,25,3785,25426,1,1,3
2022,25,3785,25430,1,1,11
2022,25,3785,25436,1,1,3
2022,25,3785,25438,1,1,4
2022,25,10857,25473,1,1,16
2022,25,10857,25473,1,2,2
2022,25,3785,25483,1,1,2
2022,25,3785,25486,1,1,5
2022,25,3785,25488,1,1,2
2022,25,3785,25489,1,1,1
2022,25,3785,25491,1,1,3
2022,25,3785,25491,1,2,17
2022,25,3785,25506,1,1,3
2022,25,3785,25513,1,1,13
2022,25,3785,25518,1,1,2
2022,25,3785,25518,1,2,34
2022,25,3785,25524,1,1,1
2022,25,3785,25524,1,2,12
2022,25,3785,25530,1,1,4
2022,25,3785,25535,1,1,3
2022,25,3785,25572,1,1,8
2022,25,3785,25580,1,1,3
2022,25,3785,25592,1,1,2
2022,25,3785,25594,1,1,2
2022,25,3785,25596,1,1,3
2022,25,3785,25599,1,1,3
2022,25,3785,25612,1,1,1
2022,25,3785,25645,1,1,4
2022,25,3785,25645,1,2,17
2022,25,3785,25649,1,2,23
2022,25,3785,25649,1,1,3
2022,25,3785,25653,1,1,2
2022,25,3785,25658,1,1,3
2022,25,3785,25662,1,1,3
2022,25,3785,25718,1,1,3
2022,25,3785,25736,1,1,2
2022,25,3785,25740,1,1,5
2022,25,3785,25743,1,1,4
2022,25,3785,25745,1,1,4
2022,25,3788,25754,1,1,57
2022,25,3788,25754,2,1,201
2022,25,3788,25754,1,2,9
2022,25,3785,25758,1,1,4
2022,25,3785,25769,1,1,2
2022,25,3785,25260,1,1,3
2022,25,3785,25772,1,1,4
2022,25,3785,25777,1,1,3
2022,25,3785,25779,1,1,3
2022,25,3785,25781,1,1,2
2022,25,3785,25785,1,1,3
2022,25,3785,25793,1,1,4
2022,25,3785,25797,1,1,3
2022,25,3785,25799,1,1,3
2022,25,3785,25805,1,1,3
2022,25,3785,25807,1,1,2
2022,25,3785,25815,1,1,1
2022,25,3785,25817,1,1,2
2022,25,3785,25823,1,2,22
2022,25,3785,25823,1,1,1
2022,25,3785,25839,1,1,3
2022,25,3785,25841,1,1,3
2022,25,3785,25843,1,1,12
2022,25,3785,25843,2,1,14
2022,25,3785,25845,1,1,4
2022,25,3785,25851,1,1,4
2022,25,3785,25862,1,1,3
2022,25,3785,25867,1,1,2
2022,25,3785,25867,1,2,13
2022,25,3785,25871,1,1,3
2022,25,3785,25873,1,1,3
2022,25,3785,25875,1,1,12
2022,25,3785,25875,1,2,22
2022,25,3785,25878,1,1,7
2022,25,3785,25885,1,1,3
2022,25,3785,25885,1,2,98
2022,25,3785,25898,1,1,2
2022,25,10930,25899,1,1,21
2022,25,10930,25899,1,2,17
2022,27,4382,27001,1,1,51
2022,27,4382,27001,1,2,73
2022,27,3789,27600,1,2,19
2022,27,4382,27001,2,1,15
2022,27,3789,27006,1,2,25
2022,17,3773,17272,1,2,30
2022,17,3773,17380,1,2,10
2022,17,3773,17388,1,2,10
2022,17,3773,17433,1,2,40
2022,17,3773,17442,1,2,14
2022,17,3773,17444,1,2,42
2022,17,3773,17446,1,2,9
2022,17,3773,17486,1,2,45
2022,17,3773,17513,1,2,30
2022,17,3773,17524,1,2,17
2022,17,3773,17541,1,2,80
2022,17,3773,17614,1,2,84
2022,17,3773,17616,1,2,25
2022,17,3773,17665,1,2,13
2022,17,3773,17665,1,1,1
2022,17,3773,17653,1,2,35
2022,17,3773,17662,1,2,88
2022,17,3773,17495,1,2,14
2022,17,3773,17777,1,2,39
2022,17,3773,17867,1,2,21
2022,17,3773,17873,1,2,29
2022,17,3773,17877,1,2,12
2022,18,3775,18029,1,2,20
2022,18,3775,18094,1,2,44
2022,18,3775,18610,1,2,51
2022,18,3775,18150,1,2,157
2022,18,3775,18592,1,2,152
2022,18,3775,18205,1,2,28
2022,18,3775,18860,1,2,45
2022,18,3775,18247,1,2,49
2022,18,3775,18256,1,2,49
2022,18,3775,18410,1,2,103
2022,18,3775,18460,1,2,61
2022,18,3775,18479,1,2,16
2022,18,3775,18756,1,2,84
2022,18,3775,18785,1,2,32
2022,18,3775,18785,1,1,2
2022,19,3777,19050,1,2,73
2022,19,3777,19100,1,2,135
2022,19,3777,19785,1,2,25
2022,19,3777,19785,1,1,2
2022,19,3777,19110,1,2,60
2022,19,3777,19130,1,2,104
2022,19,3777,19142,1,2,39
2022,19,3777,19300,1,2,14
2022,19,3777,19300,1,1,3
2022,19,3777,19212,1,2,38
2022,19,3777,19256,1,2,167
2022,19,3777,19290,1,2,12
2022,19,3777,19318,1,2,53
2022,19,3777,19355,1,2,67
2022,19,3777,19364,1,2,33
2022,19,3777,19397,1,2,67
2022,19,3777,19418,1,2,62
2022,19,3777,19450,1,2,44
2022,19,3777,19290,1,1,3
2022,19,3777,19473,1,2,61
2022,19,3777,19513,1,2,11
2022,19,3777,19533,1,2,46
2022,19,3777,19548,1,2,46
2022,19,3777,19573,1,2,9
2022,19,3777,19622,1,2,33
2022,19,3777,19698,1,2,96
2022,19,3777,19845,1,2,5
2022,19,3777,19845,1,1,5
2022,19,3777,19533,1,1,2
2022,19,3777,19743,1,2,69
2022,19,3777,19760,1,2,33
2022,19,3777,19780,1,2,55
2022,19,3777,19807,1,2,38
2022,19,3777,19809,1,2,53
2022,19,3777,19821,1,2,54
2022,19,3777,19824,1,2,42
2022,20,3779,20570,1,1,5
2022,20,3779,20013,1,2,105
2022,20,3779,20032,1,2,26
2022,20,3779,20060,1,2,15
2022,20,3779,20175,1,2,71
2022,20,3779,20178,1,2,27
2022,20,3779,20310,1,2,18
2022,20,3779,20383,1,2,29
2022,20,3779,20400,1,2,26
2022,20,3779,20517,1,2,21
2022,20,3779,20550,1,2,20
2022,20,3779,20614,1,2,33
2022,20,3779,20621,1,2,60
2022,20,3779,20750,1,2,16
2022,20,3779,20710,1,2,25
2022,23,3781,23068,1,2,69
2022,23,3781,23350,1,2,6
2022,23,3781,23079,1,2,33
2022,23,3781,23090,1,2,36
2022,23,3781,23168,1,2,18
2022,23,3781,23182,1,2,59
2022,23,3781,23300,1,2,16
2022,23,3781,23300,1,1,4
2022,23,3781,23464,1,2,15
2022,23,3781,23682,1,2,23
2022,23,3781,23466,1,2,54
2022,23,3781,23466,2,2,1
2022,23,3781,23555,1,2,72
2022,23,3781,23670,1,2,39
2022,23,3781,23815,1,1,2
2022,23,3781,23675,1,2,33
2022,23,3781,23678,1,2,44
2022,23,3781,23807,1,2,184
2022,25,3785,25001,1,2,8
2022,25,3785,25488,1,2,15
2022,25,3785,25019,1,2,11
2022,25,3785,25035,1,2,17
2022,25,3785,25040,1,2,29
2022,25,3785,25123,1,2,12
2022,25,3785,25053,1,2,22
2022,25,3785,25095,1,2,11
2022,25,3785,25099,1,2,7
2022,25,3785,25120,1,2,15
2022,25,3785,25126,2,2,24
2022,25,3785,25148,1,2,73
2022,25,3785,25151,1,2,25
2022,25,3785,25154,1,2,24
2022,25,3785,25168,1,2,15
2022,25,3785,25178,1,2,12
2022,25,3785,25181,1,2,27
2022,25,3785,25183,1,2,29
2022,25,3785,25200,1,2,15
2022,25,3785,25214,1,2,7
2022,25,3785,25224,1,2,14
2022,25,3785,25245,1,2,25
2022,25,3785,25258,1,2,22
2022,25,10850,25269,1,2,9
2022,25,3785,25279,1,2,29
2022,25,10851,25286,1,2,3
2022,25,3785,25288,1,2,10
2022,25,3786,25290,1,2,34
2022,25,3785,25743,1,2,42
2022,25,3785,25293,1,2,20
2022,25,3785,25295,1,2,7
2022,25,3785,25297,1,2,24
2022,25,3785,25299,1,2,12
2022,25,3787,25307,1,2,5
2022,25,3785,25317,1,2,20
2022,25,3785,25320,1,2,52
2022,25,3785,25320,2,2,1
2022,25,3785,25322,1,2,15
2022,25,3785,25324,1,2,5
2022,25,3785,25326,1,2,13
2022,25,3785,25328,1,2,9
2022,25,3785,25335,1,2,20
2022,25,3785,25339,1,2,17
2022,25,3785,25368,1,2,7
2022,25,3785,25372,1,2,22
2022,25,3785,25377,1,2,27
2022,25,3785,25386,1,2,23
2022,25,3785,25394,1,2,33
2022,25,3785,25398,1,2,23
2022,25,3785,25402,1,2,29
2022,25,3785,25426,1,2,22
2022,25,3785,25430,1,2,8
2022,25,3785,25436,1,2,12
2022,25,3785,25438,1,2,39
2022,25,3785,25483,1,2,1
2022,25,3785,25486,1,2,10
2022,25,3785,25488,2,2,1
2022,25,3785,25489,1,2,11
2022,25,3785,25506,1,2,16
2022,25,3785,25513,1,2,56
2022,25,3785,25530,1,2,24
2022,25,3785,25535,1,2,28
2022,25,3785,25572,1,2,17
2022,25,3785,25580,1,2,12
2022,25,3785,25592,1,2,10
2022,25,3785,25594,1,2,22
2022,25,3785,25596,1,2,24
2022,25,3785,25599,1,2,12
2022,25,3785,25612,1,2,11
2022,25,3785,25653,1,2,26
2022,25,3785,25658,1,2,12
2022,25,3785,25662,1,2,28
2022,25,3785,25718,1,2,21
2022,25,3785,25736,1,2,11
2022,25,3785,25740,1,2,17
2022,25,3785,25745,1,2,13
2022,25,3785,25312,1,1,2
2022,25,3785,25312,1,2,9
2022,25,3785,25758,1,2,6
2022,25,3785,25260,1,2,6
2022,25,3785,25769,1,2,16
2022,25,3785,25772,1,2,17
2022,25,3785,25777,1,2,15
2022,25,3785,25779,1,2,13
2022,25,3785,25781,1,2,10
2022,25,3785,25785,1,2,10
2022,25,3785,25793,1,2,13
2022,25,3785,25797,1,2,10
2022,25,3785,25799,1,2,14
2022,25,3785,25805,1,2,15
2022,25,3785,25807,1,2,8
2022,25,3785,25815,1,2,19
2022,25,3785,25817,1,2,9
2022,25,3785,25839,1,2,47
2022,25,3785,25841,1,2,19
2022,25,3785,25843,1,2,17
2022,25,3785,25845,1,2,8
2022,25,3785,25851,1,2,8
2022,25,3785,25862,1,2,27
2022,25,3785,25871,1,2,9
2022,25,3785,25873,1,2,20
2022,25,3785,25878,1,2,40
2022,25,3785,25898,1,2,11
2022,27,3789,27050,1,2,14
2022,27,3789,27425,1,2,49
2022,27,3789,27050,1,1,2
2022,27,3789,27425,1,1,2
2022,27,3789,27600,1,1,1
2022,27,3789,27025,1,2,121
2022,27,3789,27250,1,2,52
2022,27,3789,27073,1,2,44
2022,27,3789,27075,1,2,14
2022,27,3789,27430,1,1,1
2022,27,3789,27099,1,2,47
2022,27,3789,27135,1,2,11
2022,63,3803,63470,1,2,19
2022,63,3803,63548,1,2,19
2022,63,3803,63594,1,2,22
2022,66,3805,66045,1,2,37
2022,66,3805,66075,1,2,23
2022,66,3805,66088,1,2,52
2022,66,3807,66170,2,1,66
2022,66,3805,66318,1,2,38
2022,66,3805,66383,1,2,28
2022,66,3805,66440,1,2,34
2022,66,3805,66456,1,2,62
2022,66,3805,66572,1,2,83
2022,66,3805,66594,1,2,78
2022,66,3805,66687,1,2,32
2022,68,3809,68001,1,2,20
2022,68,3808,68820,1,2,21
2022,68,3808,68013,1,2,5
2022,68,3808,68020,1,2,21
2022,68,3808,68051,1,2,21
2022,68,3808,68077,1,2,8
2022,68,3808,68079,1,2,18
2022,68,3810,68081,1,2,53
2022,68,3808,68092,1,2,23
2022,68,3808,68250,1,2,30
2022,68,3808,68101,1,2,66
2022,68,3808,68121,1,2,7
2022,68,3808,68132,1,2,2
2022,68,3808,68147,1,2,14
2022,68,3808,68160,1,2,12
2022,68,3808,68162,1,2,24
2022,68,3808,68167,1,2,35
2022,68,3808,68169,1,2,12
2022,68,3808,68176,1,2,14
2022,68,3808,68179,1,2,13
2022,68,3808,68190,1,2,93
2022,68,3808,68385,1,2,53
2022,68,3808,68207,1,2,28
2022,68,3808,68209,1,2,9
2022,68,3808,68211,1,2,5
2022,68,3808,68217,1,2,29
2022,68,3808,68229,1,2,29
2022,68,3808,68235,1,2,74
2022,68,3808,68745,1,2,43
2022,68,3808,68245,1,2,11
2022,68,3808,68255,1,2,44
2022,68,3808,68264,1,2,12
2022,68,3808,68266,1,2,18
2022,68,3808,68271,1,2,30
2022,68,3811,68276,1,2,16
2022,68,3808,68296,1,2,16
2022,68,3808,68298,1,2,19
2022,68,3812,68307,2,1,25
2022,68,3808,68318,1,2,34
2022,68,3808,68320,1,2,20
2022,68,3808,68322,1,2,6
2022,68,3808,68324,1,2,17
2022,68,3808,68327,1,2,4
2022,68,3808,68368,1,2,11
2022,68,3808,68377,1,2,25
2022,68,3808,68861,1,2,41
2022,68,3808,68397,1,2,20
2022,68,3808,68406,1,2,54
2022,68,3808,68418,1,2,27
2022,68,3808,68425,1,2,14
2022,68,3808,68432,1,2,14
2022,68,3808,68444,1,2,27
2022,68,3808,68464,1,2,44
2022,68,3808,68498,1,2,18
2022,68,3808,68500,1,2,23
2022,68,3808,68502,1,2,30
2022,68,3808,68522,1,2,2
2022,68,3808,68524,1,2,8
2022,68,3808,68533,1,2,10
2022,68,4700,68547,1,2,62
2022,68,3808,68549,1,2,9
2022,68,3808,68572,1,2,34
2022,68,3808,68573,1,2,15
2022,68,3808,68575,1,2,40
2022,68,3808,68615,1,2,93
2022,68,3808,68655,1,2,44
2022,68,3808,68669,1,2,40
2022,68,3808,68673,1,2,13
2022,68,3808,68679,1,2,29
2022,68,3808,68682,1,2,12
2022,68,3808,68684,1,2,17
2022,68,3808,68686,1,2,12
2022,68,3808,68689,1,2,91
2022,68,3808,68705,1,2,11
2022,68,3808,68720,1,2,27
2022,68,3808,68755,1,2,23
2022,68,3808,68773,1,2,52
2022,68,3808,68780,1,2,27
2022,68,3808,68855,1,2,12
2022,68,3808,68867,1,2,5
2022,68,3808,68872,1,2,12
2022,68,3808,68895,1,2,23
2022,70,3813,70110,1,2,7
2022,70,3813,70124,1,2,23
2022,70,3813,70204,1,2,12
2022,70,3813,70233,1,2,14
2022,70,3813,70233,1,1,2
2022,70,3813,70230,1,2,7
2022,70,3813,70235,1,2,18
2022,70,3813,70742,1,2,20
2022,70,3813,70473,1,2,15
2022,70,3813,70508,1,2,34
2022,70,3813,70670,1,2,31
2022,70,3813,70717,1,2,14
2022,70,3813,70820,1,2,11
2022,70,3813,70221,1,1,3
2022,73,3816,73001,2,1,145
2022,73,3815,73026,1,2,26
2022,73,3815,73024,1,2,15
2022,73,3815,73030,1,2,4
2022,73,3815,73043,1,2,32
2022,73,3815,73055,1,2,14
2022,73,3815,73067,1,2,91
2022,73,3815,73124,1,2,32
2022,73,3815,73148,1,2,5
2022,73,3815,73152,1,2,24
2022,73,3815,73168,1,2,143
2022,73,3815,73200,1,2,14
2022,73,3815,73217,1,2,52
2022,73,3815,73226,1,2,33
2022,73,3815,73449,1,2,17
2022,73,3815,73236,1,2,24
2022,73,3815,73268,1,2,25
2022,73,3815,73270,1,2,29
2022,73,3815,73520,1,2,21
2022,73,3815,73275,1,2,9
2022,73,3815,73283,1,2,65
2022,73,3815,73319,1,2,37
2022,73,3815,73347,1,2,25
2022,73,3815,73349,1,2,1
2022,73,3815,73408,1,2,8
2022,73,3815,73411,1,2,61
2022,73,3815,73461,1,2,25
2022,73,3815,73461,1,1,2
2022,73,3815,73443,1,2,31
2022,73,3815,73504,1,2,102
2022,73,3815,73547,1,2,6
2022,73,3815,73555,1,2,104
2022,73,3815,73563,1,2,22
2022,73,3815,73585,1,2,32
2022,73,3815,73616,1,2,96
2022,73,3815,73622,1,2,25
2022,73,3815,73624,1,2,74
2022,73,3815,73675,1,2,55
2022,73,3815,73678,1,2,28
2022,73,3815,73686,1,2,24
2022,73,3815,73770,1,2,12
2022,73,3815,73854,1,2,14
2022,73,3815,73861,1,2,17
2022,73,3815,73870,1,2,41
2022,73,3815,73873,1,2,23
2022,76,3817,76020,1,2,14
2022,76,3817,76036,1,2,12
2022,76,3817,76041,1,2,35
2022,76,3817,76054,1,2,19
2022,76,3817,76100,1,2,56
2022,76,3817,76275,1,2,39
2022,76,3820,76111,1,2,33
2022,76,3817,76122,1,2,22
2022,76,3817,76126,1,2,18
2022,76,3821,76147,1,2,12
2022,76,3817,76233,1,2,71
2022,76,3817,76243,1,2,35
2022,76,3817,76246,1,2,30
2022,76,3817,76248,1,2,20
2022,76,3817,76250,1,2,41
2022,76,3817,76306,1,2,21
2022,76,3817,76318,1,2,20
2022,76,3817,76377,1,2,23
2022,76,3817,76400,1,2,15
2022,76,3817,76403,1,2,11
2022,76,3817,76497,1,2,14
2022,76,3822,76520,1,2,53
2022,76,3817,76563,1,2,22
2022,76,3817,76606,1,2,26
2022,76,3817,76869,1,2,16
2022,76,3817,76616,1,2,34
2022,76,3817,76622,1,2,30
2022,76,3817,76670,1,2,22
2022,76,3817,76736,1,2,47
2022,76,3817,76823,1,2,15
2022,76,3817,76828,1,2,36
2022,76,3823,76834,1,2,62
2022,76,3817,76845,1,2,11
2022,76,3817,76863,1,2,21
2022,76,4832,76892,1,2,22
2022,76,3817,76890,1,2,20
2022,81,3824,81001,1,2,66
2022,81,3824,81065,1,2,93
2022,81,3824,81220,1,2,10
2022,81,3824,81300,1,2,59
2022,81,3824,81736,1,2,57
2022,81,3824,81794,1,2,103
2022,85,4841,85001,1,2,67
2022,85,3825,85010,1,2,33
2022,85,3825,85400,1,2,45
2022,85,3825,85136,1,2,7
2022,85,3825,85139,1,2,25
2022,85,3825,85230,1,2,28
2022,85,3825,85162,1,2,9
2022,85,3825,85225,1,2,38
2022,85,3825,85250,1,2,58
2022,85,3825,85263,1,2,18
2022,85,3825,85279,1,2,8
2022,85,3825,85300,1,2,7
2022,85,3825,85315,1,2,5
2022,85,3825,85325,1,2,32
2022,85,3825,85410,1,2,21
2022,85,3825,85430,1,2,28
2022,85,3825,85440,1,2,9
2022,86,3826,86001,1,2,39
2022,86,3826,86571,1,2,170
2022,86,3826,86571,1,1,1
2022,86,3826,86569,1,2,62
2022,86,3826,86219,1,2,4
2022,86,3826,86320,1,2,116
2022,86,3826,86569,1,1,3
2022,5,3759,5001,1,1,374
2022,5,3759,5001,2,1,319
2022,5,3759,5001,1,2,49
2022,5,3758,5002,1,1,3
2022,5,3758,5004,1,1,1
2022,5,3758,5021,1,1,2
2022,5,3758,5030,1,1,6
2022,5,3758,5031,1,1,4
2022,5,3758,5034,1,1,4
2022,5,3758,5034,1,2,57
2022,5,3758,5036,1,1,1
2022,5,3758,5038,1,1,3
2022,5,3758,5040,1,1,1
2022,5,3758,5042,1,1,6
2022,5,3758,5044,1,1,1
2022,5,7692,5045,1,1,17
2022,5,3758,5051,1,1,5
2022,5,3758,5055,1,1,1
2022,5,3758,5059,1,1,1
2022,5,3758,5079,1,1,3
2022,5,3758,5086,1,1,2
2022,5,3760,5088,1,1,55
2022,5,3758,5091,1,1,2
2022,5,3758,5093,1,1,2
2022,5,3758,5101,1,1,5
2022,5,3758,5101,1,2,29
2022,5,3758,5107,1,1,1
2022,5,3758,5113,1,1,2
2022,5,3758,5120,1,1,8
2022,5,3758,5125,1,1,2
2022,5,3758,5129,1,1,12
2022,5,3758,5134,1,1,1
2022,5,3758,5138,1,1,5
2022,5,3758,5142,1,1,2
2022,5,3758,5142,1,2,14
2022,5,3758,5145,1,1,2
2022,5,3758,5147,1,1,9
2022,5,3758,5147,2,1,2
2022,5,3758,5147,1,2,33
2022,5,3758,5148,1,1,6
2022,5,3758,5148,1,2,42
2022,5,3758,5150,1,1,1
2022,5,3758,5154,1,1,13
2022,5,3758,5172,1,1,15
2022,5,3758,5190,1,1,3
2022,5,3758,5197,1,1,3
2022,5,3758,5206,1,1,1
2022,5,3758,5209,1,1,2
2022,5,3758,5209,1,2,39
2022,5,3758,5212,1,1,9
2022,5,3758,5212,1,2,14
2022,5,3758,5234,1,1,8
2022,5,3758,5237,1,1,3
2022,5,3758,5240,1,1,1
2022,5,3758,5250,1,1,12
2022,5,3758,5264,1,1,2
2022,5,3761,5266,1,1,18
2022,5,3758,5282,1,1,4
2022,5,3758,5284,1,1,4
2022,5,3758,5306,1,1,2
2022,5,3758,5308,1,1,5
2022,5,3758,5308,2,1,8
2022,5,3758,5310,1,1,2
2022,5,3758,5313,1,1,2
2022,5,3758,5313,1,2,36
2022,5,3758,5315,1,1,1
2022,5,3758,5318,1,1,3
2022,5,3758,5321,1,1,1
2022,5,3758,5347,1,1,2
2022,5,3758,5353,1,1,1
2022,5,3762,5360,1,1,33
2022,5,3762,5360,1,2,4
2022,5,3758,5361,1,1,4
2022,5,3758,5364,1,1,4
2022,5,3758,5368,1,1,3
2022,5,3758,5376,1,1,6
2022,5,3758,5380,1,1,9
2022,5,3758,5585,1,1,2
2022,5,3758,5390,1,1,5
2022,5,3758,5400,1,1,3
2022,5,3758,5411,1,1,2
2022,5,3758,5425,1,1,2
2022,5,3758,5440,1,1,7
2022,5,3758,5440,1,2,31
2022,5,3758,5467,1,1,1
2022,5,3758,5475,1,1,1
2022,5,3758,5480,1,1,3
2022,5,3758,5483,1,1,1
2022,5,3758,5490,1,1,4
2022,5,3758,5495,1,1,5
2022,5,3758,5501,1,1,1
2022,5,3758,5541,1,1,1
2022,5,3758,5543,1,1,1
2022,5,3758,5576,1,1,2
2022,5,3758,5579,1,1,10
2022,5,3758,5591,1,1,1
2022,5,3758,5604,1,1,4
2022,5,3758,5607,1,1,2
2022,5,7609,5615,1,1,13
2022,5,3758,5628,1,1,1
2022,5,7740,5631,1,1,5
2022,5,3758,5642,1,1,4
2022,5,3758,5647,1,1,2
2022,5,3758,5649,1,1,4
2022,5,3758,5656,1,1,2
2022,5,3758,5658,1,1,1
2022,5,3758,5659,1,1,4
2022,5,3758,5660,1,1,4
2022,5,3758,5664,1,1,4
2022,5,3758,5665,1,1,6
2022,5,3758,5667,1,1,2
2022,5,3758,5670,1,1,2
2022,5,3758,5674,1,1,1
2022,5,3758,5679,1,1,3
2022,5,3758,5679,1,2,40
2022,5,3758,5686,1,1,7
2022,5,3758,5690,1,1,1
2022,5,3758,5697,1,1,5
2022,5,3758,5736,1,1,7
2022,5,3758,5756,1,1,5
2022,5,3758,5756,1,2,87
2022,5,3758,5761,1,1,5
2022,5,3758,5789,1,1,5
2022,5,3758,5790,1,1,4
2022,5,3758,5792,1,1,2
2022,5,3758,5792,1,2,11
2022,5,3758,5809,1,1,3
2022,5,3758,5819,1,1,1
2022,5,3758,5819,1,2,18
2022,5,3763,5837,1,1,15
2022,5,3763,5837,1,2,168
2022,5,3763,5837,2,1,15
2022,5,3758,5842,1,1,1
2022,5,3758,5847,1,2,102
2022,5,3758,5847,1,1,3
2022,5,3758,5854,1,1,1
2022,5,3758,5856,1,1,2
2022,5,3758,5858,1,1,3
2022,5,3758,5861,1,1,4
2022,5,3758,5873,1,1,1
2022,5,3758,5885,1,1,2
2022,5,3758,5887,1,1,11
2022,5,3758,5890,1,1,3
2022,5,3758,5893,1,1,2
2022,5,3758,5895,1,1,5
2022,8,4909,8001,1,1,219
2022,8,4909,8001,2,1,329
2022,8,3764,8078,1,1,16
2022,8,3764,8078,1,2,6
2022,8,3764,8137,1,1,4
2022,8,3764,8141,1,1,4
2022,8,3764,8296,1,1,6
2022,8,3764,8296,1,2,4
2022,8,3764,8372,1,2,7
2022,8,3764,8372,1,1,1
2022,8,3764,8421,1,1,6
2022,8,3764,8421,1,2,15
2022,8,3960,8433,1,1,15
2022,8,3960,8433,1,2,5
2022,8,3764,8436,1,1,5
2022,8,3764,8520,1,1,8
2022,8,3764,8549,1,1,1
2022,8,3764,8558,1,1,6
2022,8,3764,8560,1,2,7
2022,8,3764,8560,1,1,5
2022,8,3764,8573,1,1,6
2022,8,3764,8606,1,1,5
2022,8,3764,8606,1,2,9
2022,8,3764,8634,1,1,7
2022,8,3764,8638,1,1,21
2022,8,3764,8675,1,1,3
2022,8,3764,8685,1,1,4
2022,8,3764,8685,2,1,7
2022,8,3765,8758,1,1,49
2022,8,3765,8758,2,1,291
2022,8,3765,8758,1,2,1
2022,8,3764,8770,1,1,5
2022,8,3764,8832,1,1,1
2022,8,3764,8849,1,1,4
2022,11,3766,11001,1,1,687
2022,11,3766,11001,2,1,1556
2022,11,3766,11001,1,2,52
2022,11,3766,11001,2,2,10
2022,13,4910,13001,1,1,167
2022,13,4910,13001,1,2,37
2022,13,4910,13001,2,1,255
2022,13,3767,13006,1,1,4
2022,13,3767,13655,1,2,20
2022,13,3767,13042,1,1,1
2022,13,3767,13052,1,1,20
2022,13,3767,13052,2,1,19
2022,13,3767,13052,1,2,12
2022,13,3767,13030,1,2,14
2022,13,3767,13074,1,1,3
2022,13,3767,13074,1,2,32
2022,13,3767,13140,1,1,8
2022,13,3767,13188,1,1,5
2022,13,3767,13212,1,1,4
2022,13,3767,13212,1,2,19
2022,13,3767,13244,1,1,19
2022,13,3767,13244,1,2,83
2022,13,3767,13248,1,1,3
2022,13,3767,13300,1,1,3
2022,13,3768,13430,1,1,35
2022,13,3768,13430,1,2,44
2022,13,3767,13433,1,1,6
2022,13,3767,13440,1,1,2
2022,13,3767,13442,1,1,8
2022,13,3767,13442,1,2,36
2022,13,3767,13468,1,1,9
2022,13,3767,13549,1,1,2
2022,13,3767,13549,1,2,39
2022,13,3767,13580,1,1,2
2022,13,3767,13600,1,1,3
2022,13,3767,13647,1,1,5
2022,13,3767,13650,1,1,2
2022,13,3767,13654,1,1,15
2022,13,3767,13657,1,1,16
2022,13,3767,13657,1,2,18
2022,13,3767,13667,1,1,5
2022,13,3767,13670,1,1,10
2022,13,3767,13670,1,2,38
2022,13,3767,13673,1,1,4
2022,13,3767,13683,1,1,4
2022,13,3767,13683,1,2,2
2022,13,3767,13688,1,1,6
2022,86,3826,86865,1,2,76
2022,86,3826,86757,1,2,57
2022,86,3826,86749,1,2,7
2022,86,3826,86755,1,2,8
2022,86,3826,86760,1,2,9
2022,86,3826,86885,1,2,62
2022,88,3827,88564,1,2,5
2022,91,3828,91001,1,2,28
2022,91,3828,91536,1,2,6
2022,91,3828,91530,1,2,4
2022,91,3828,91430,1,2,1
2022,94,3829,94885,1,2,3
2022,94,3829,94886,1,2,6
2022,94,3829,94001,1,2,32
2022,94,3829,94884,1,2,14
2022,94,3829,94883,1,2,10
2022,94,3829,94887,1,2,3
2022,94,3829,94888,1,2,4
2022,94,3829,94343,1,2,16
2022,95,3830,95001,1,2,113
2022,95,3830,95025,1,2,64
2022,97,3831,97161,1,2,8
2022,97,3831,97511,1,2,18
2022,97,3831,97666,1,2,9
2022,99,3832,99624,1,2,9
2022,99,3832,99624,1,1,2
2022,99,3832,99773,1,1,1
2022,5,3759,5001,2,2,4
2022,5,3758,5607,2,2,4
2022,5,3761,5266,2,2,2
2022,5,7740,5631,2,2,10
2022,5,3758,5380,2,2,4
2022,5,3761,5266,2,1,55
2022,5,3758,5380,2,1,18
2022,5,3758,5030,2,1,1
2022,5,3758,5034,2,1,1
2022,5,3758,5042,2,1,2
2022,5,7692,5045,2,1,10
2022,5,3758,5051,2,1,1
2022,5,3758,5079,2,1,3
2022,5,3760,5088,2,1,82
2022,5,3758,5101,2,1,2
2022,5,3758,5129,2,1,10
2022,5,3758,5148,2,1,5
2022,5,3758,5148,2,2,1
2022,5,3758,5154,2,1,6
2022,5,3758,5172,2,1,3
2022,5,3758,5197,2,1,1
2022,5,3758,5212,2,1,8
2022,5,3758,5212,2,2,2
2022,5,3758,5237,2,1,4
2022,5,3758,5250,2,1,4
2022,5,3758,5264,2,1,2
2022,5,3758,5318,2,2,2
2022,5,3758,5318,2,1,2
2022,5,3762,5360,2,1,51
2022,5,3758,5376,2,2,2
2022,5,3758,5376,2,1,8
2022,5,3758,5400,2,1,2
2022,5,3758,5440,2,1,7
2022,5,3758,5495,2,1,1
2022,5,3758,5541,2,2,1
2022,5,3758,5579,2,1,3
2022,5,3758,5604,2,1,1
2022,5,3758,5607,2,1,1
2022,5,7609,5615,2,1,14
2022,5,7609,5615,2,2,8
2022,5,7740,5631,2,1,23
2022,5,3758,5664,2,1,1
2022,5,3758,5686,2,1,4
2022,5,3758,5697,2,1,4
2022,5,3758,5736,2,1,2
2022,5,3758,5761,2,1,1
2022,5,3758,5790,2,1,1
2022,5,3758,5847,2,1,1
2022,5,3758,5861,2,1,1
2022,5,3758,5887,2,1,4
2022,5,3758,5893,2,1,2
2022,5,3758,5895,2,1,1
2022,8,3764,8573,2,1,24
2022,8,3764,8573,2,2,2
2022,8,3960,8433,2,1,58
2022,8,3764,8078,2,1,17
2022,8,3764,8137,2,1,1
2022,8,3764,8141,2,1,2
2022,8,3764,8296,2,1,9
2022,8,3764,8372,2,1,4
2022,8,3764,8421,2,1,2
2022,8,3960,8433,2,2,2
2022,8,3764,8520,2,1,5
2022,8,3764,8549,2,1,1
2022,8,3764,8558,2,1,3
2022,8,3764,8560,2,1,2
2022,8,3764,8634,2,1,8
2022,8,3764,8638,2,1,17
2022,8,3764,8832,2,1,1
2022,8,3764,8849,2,1,1
2022,25,3785,25214,2,2,18
2022,25,3785,25799,2,1,10
2022,13,4910,13001,2,2,8
2022,13,3767,13140,2,1,1
2022,13,3767,13222,2,1,1
2022,13,3767,13244,2,1,7
2022,13,3768,13430,2,1,27
2022,13,3767,13433,2,1,2
2022,13,3767,13468,2,1,7
2022,13,3767,13473,1,1,1
2022,13,3767,13654,2,1,1
2022,13,3767,13657,2,1,5
2022,13,3767,13670,2,1,1
2022,13,3767,13688,2,1,3
2022,13,3767,13836,2,1,45
2022,13,3767,13836,2,2,2
2022,13,3767,13838,2,1,1
2022,13,3767,13873,2,1,2
2022,13,3767,13894,2,1,4
2022,15,3770,15001,2,1,108
2022,15,3770,15001,2,2,1
2022,15,3769,15204,2,2,2
2022,15,3769,15047,2,1,1
2022,15,3769,15087,2,1,2
2022,15,3769,15176,2,1,21
2022,15,3769,15204,2,1,1
2022,15,3771,15238,2,1,46
2022,15,3769,15244,2,1,1
2022,15,3769,15299,2,1,5
2022,15,3769,15322,2,1,2
2022,15,3769,15407,2,1,4
2022,15,3769,15455,2,1,1
2022,15,3769,15469,2,2,1
2022,15,3769,15469,2,1,3
2022,15,3769,15480,2,1,1
2022,15,3769,15491,2,1,3
2022,15,3769,15494,2,1,1
2022,15,3769,15516,2,1,6
2022,15,3769,15516,2,2,3
2022,15,3769,15537,2,1,1
2022,15,3769,15572,2,1,4
2022,15,3769,15599,2,1,3
2022,15,3769,15638,2,1,2
2022,15,3769,15646,2,1,3
2022,15,3769,15667,2,1,1
2022,15,3769,15686,2,1,2
2022,15,3769,15690,2,1,1
2022,15,3769,15693,2,1,2
2022,15,3769,15753,2,1,1
2022,15,3769,15757,2,1,2
2022,15,3772,15759,2,1,42
2022,15,3772,15759,2,2,4
2022,15,3769,15806,2,1,2
2022,15,3769,15814,2,1,1
2022,15,3769,15837,2,1,2
2022,15,3769,15861,2,1,2
2022,17,3774,17001,2,1,68
2022,17,3773,17873,2,1,13
2022,17,3773,17013,2,1,1
2022,17,3773,17042,2,1,2
2022,17,3773,17174,2,1,7
2022,17,3773,17380,2,1,12
2022,17,3773,17433,2,1,1
2022,17,3773,17486,2,1,1
2022,17,3773,17614,2,1,1
2022,17,3773,17777,2,1,1
2022,17,3773,17877,2,1,1
2022,18,3775,18247,2,1,1
2022,18,3775,18753,2,1,4
2022,19,3778,19001,2,1,109
2022,19,3777,19050,2,1,1
2022,19,3777,19130,2,1,2
2022,19,3777,19142,2,1,2
2022,19,3777,19300,2,1,1
2022,19,3777,19212,2,1,2
2022,19,3777,19256,2,2,2
2022,19,3777,19256,2,1,2
2022,19,3777,19455,2,1,4
2022,19,3777,19532,2,1,2
2022,19,3777,19548,2,1,4
2022,19,3777,19573,2,1,14
2022,19,3777,19698,2,1,16
2022,19,3777,19807,2,1,3
2022,19,3777,19845,2,1,3
2022,20,3779,20011,2,1,21
2022,20,3779,20013,2,1,13
2022,20,3779,20013,2,2,3
2022,20,3779,20045,2,1,3
2022,20,3779,20060,2,1,10
2022,20,3779,20175,2,1,1
2022,20,3779,20178,2,1,3
2022,20,3779,20228,2,1,4
2022,20,3779,20238,2,1,5
2022,20,3779,20250,2,1,6
2022,20,3779,20400,2,1,9
2022,20,3779,20517,2,1,2
2022,20,3779,20550,2,1,3
2022,20,3779,20621,2,1,4
2022,20,3779,20710,2,1,3
2022,20,3779,20750,2,1,3
2022,20,3779,20770,2,1,3
2022,23,3781,23068,2,1,4
2022,23,3781,23079,2,1,1
2022,23,3781,23090,2,1,1
2022,23,3781,23162,2,2,4
2022,23,3781,23182,2,1,7
2022,23,3781,23189,2,1,2
2022,23,3781,23300,2,1,1
2022,23,3781,23350,2,1,1
2022,23,3781,23419,2,2,1
2022,23,3781,23464,2,1,2
2022,23,3781,23466,2,1,17
2022,23,3781,23500,2,2,1
2022,23,3781,23555,2,1,7
2022,23,3781,23574,2,1,1
2022,23,3781,23580,2,2,1
2022,23,3781,23580,2,1,1
2022,23,3781,23586,2,2,1
2022,23,3784,23660,2,1,7
2022,23,3781,23670,2,2,2
2022,23,3781,23670,2,1,1
2022,23,3781,23672,2,2,1
2022,23,3781,23672,2,1,3
2022,23,3781,23675,2,2,1
2022,23,3781,23675,2,1,1
2022,23,3781,23678,2,1,3
2022,5,3758,5411,1,2,30
2022,5,3758,5425,1,2,18
2022,5,3758,5890,1,2,58
2022,5,3758,5467,1,2,23
2022,5,3758,5475,1,2,20
2022,5,3758,5480,1,2,36
2022,5,3758,5483,1,2,44
2022,5,3758,5490,1,2,124
2022,5,3758,5495,1,2,48
2022,5,3758,5501,1,2,9
2022,5,3758,5541,1,2,22
2022,5,3758,5543,1,2,38
2022,5,3758,5576,1,2,14
2022,5,3758,5579,1,2,23
2022,5,3758,5591,1,2,9
2022,5,3758,5604,1,2,60
2022,5,3758,5607,1,2,15
2022,5,7609,5615,1,2,24
2022,5,3758,5628,1,2,27
2022,5,7740,5631,1,2,4
2022,5,3758,5642,1,2,31
2022,5,3758,5647,1,2,25
2022,5,3758,5649,1,2,52
2022,5,3758,5656,1,2,25
2022,5,3758,5660,1,2,30
2022,5,3758,5664,1,2,23
2022,5,3758,5665,1,2,69
2022,5,3758,5670,1,2,47
2022,5,3758,5674,1,2,39
2022,5,3758,5690,1,2,45
2022,5,3758,5697,1,2,27
2022,5,3758,5736,1,2,24
2022,5,3758,5761,1,2,27
2022,5,3758,5789,1,2,32
2022,5,3758,5790,1,2,25
2022,5,3758,5809,1,2,13
2022,5,3763,5837,2,2,4
2022,5,3758,5842,1,2,35
2022,5,3758,5854,1,2,39
2022,5,3758,5856,1,2,9
2022,5,3758,5861,1,2,16
2022,5,3758,5873,1,2,24
2022,5,3758,5885,1,2,22
2022,5,3758,5887,1,2,44
2022,5,3758,5893,1,2,44
2022,5,3758,5895,1,2,59
2022,8,3764,8137,1,2,2
2022,8,3764,8141,1,2,3
2022,8,3764,8436,1,2,1
2022,8,3764,8520,1,2,1
2022,8,3764,8549,1,2,7
2022,8,3764,8558,1,2,1
2022,8,3764,8573,1,2,1
2022,8,3764,8638,1,2,14
2022,8,3764,8675,1,2,1
2022,8,3764,8685,1,2,2
2022,8,3764,8832,1,2,8
2022,13,3767,13006,1,2,67
2022,13,3767,13458,1,1,1
2022,13,3767,13458,1,2,41
2022,13,3767,13655,1,1,1
2022,13,3767,13042,1,2,15
2022,13,3767,13473,1,2,59
2022,13,3767,13600,1,2,17
2022,13,3767,13030,1,1,1
2022,13,3767,13140,1,2,8
2022,13,3767,13062,1,2,5
2022,13,3767,13062,1,1,1
2022,13,3767,13160,1,2,32
2022,13,3767,13188,1,2,7
2022,13,3767,13222,1,2,5
2022,13,3767,13248,1,2,5
2022,13,3767,13268,1,2,15
2022,13,3767,13300,1,2,14
2022,13,3767,13433,1,2,18
2022,13,3767,13440,1,2,18
2022,13,3767,13468,1,2,29
2022,13,3767,13780,1,2,12
2022,13,3767,13580,1,2,8
2022,13,3767,13490,1,2,17
2022,13,3767,13810,1,2,49
2022,13,3767,13810,1,1,2
2022,13,3767,13490,1,1,1
2022,13,3767,13647,1,2,1
2022,13,3767,13650,1,2,18
2022,13,3767,13654,1,2,13
2022,13,3767,13667,1,2,31
2022,13,3767,13268,1,1,2
2022,13,3767,13160,1,1,1
2022,13,3767,13673,1,2,8
2022,13,3767,13222,1,1,3
2022,13,3767,13688,1,2,79
2022,13,3767,13744,1,2,48
2022,13,3767,13620,1,2,2
2022,13,3767,13620,1,1,3
2022,13,3767,13836,1,2,6
2022,13,3767,13838,1,2,4
2022,13,3767,13873,1,2,4
2022,13,3767,13894,1,2,2
2022,15,3769,15861,1,2,19
2022,15,3770,15001,1,2,9
2022,15,3769,15236,1,2,9
2022,15,3769,15022,1,2,6
2022,15,3769,15047,1,2,35
2022,15,3769,15051,1,2,8
2022,15,3769,15087,1,2,15
2022,15,3769,15090,1,2,5
2022,15,3769,15092,1,2,7
2022,15,3769,15092,1,1,1
2022,15,3769,15097,1,2,19
2022,15,3769,15104,1,2,8
2022,15,3769,15106,1,2,13
2022,15,3769,15109,1,2,23
2022,15,3769,15442,1,2,26
2022,15,3769,15114,1,2,1
2022,15,3769,15131,1,2,9
2022,15,3769,15135,1,2,23
2022,15,3769,15162,1,2,9
2022,15,3769,15172,1,2,9
2022,15,3769,15176,1,2,22
2022,15,3769,15183,1,2,36
2022,15,3769,15185,1,2,14
2022,15,3769,15187,1,2,6
2022,15,3769,15189,1,2,8
2022,15,3769,15204,1,2,19
2022,15,3769,15212,1,2,22
2022,15,3769,15215,1,2,3
2022,15,3769,15218,1,2,15
2022,15,3769,15223,1,2,16
2022,15,3769,15224,1,2,4
2022,15,3769,15226,1,2,3
2022,15,3769,15232,1,1,1
2022,15,3771,15238,1,2,12
2022,15,3769,15244,1,2,21
2022,15,3769,15248,1,2,10
2022,15,3769,15272,1,2,8
2022,15,3769,15276,1,2,11
2022,15,3769,15293,1,2,11
2022,15,3769,15296,1,2,11
2022,15,3769,15299,1,2,14
2022,15,3769,15317,1,2,6
2022,15,3769,15322,1,2,6
2022,15,3769,15325,1,2,9
2022,15,3769,15367,1,2,15
2022,15,3769,15368,1,2,17
2022,15,3769,15377,1,2,21
2022,15,3769,15380,1,2,6
2022,15,3769,15401,1,2,9
2022,15,3769,15403,1,2,10
2022,15,3769,15407,1,2,12
2022,15,3769,15425,1,2,16
2022,15,3769,15455,1,2,20
2022,15,3769,15464,1,2,15
2022,15,3769,15466,1,2,7
2022,15,3769,15469,1,2,35
2022,15,3769,15476,1,2,8
2022,15,3769,15480,1,2,21
2022,15,3769,15491,1,2,7
2022,15,3769,15494,1,2,11
2022,15,3769,15500,1,2,4
2022,15,3769,15507,1,2,35
2022,15,3769,15681,1,2,30
2022,15,3769,15511,1,2,8
2022,15,3769,15514,1,2,21
2022,15,3769,15516,1,2,33
2022,15,3769,15518,1,2,6
2022,15,3769,15522,1,2,7
2022,15,3769,15531,1,2,35
2022,15,3769,15533,1,2,14
2022,15,3769,15537,1,2,10
2022,15,3769,15542,1,2,19
2022,15,3769,15550,1,2,12
2022,15,3769,15572,1,2,41
2022,15,3769,15580,1,2,24
2022,15,3769,15580,1,1,2
2022,15,3769,15599,1,2,14
2022,15,3769,15600,1,2,15
2022,15,3769,15621,1,2,12
2022,15,3769,15632,1,2,48
2022,15,3769,15638,1,2,4
2022,15,3769,15646,1,2,21
2022,15,3769,15660,1,2,5
2022,15,3769,15667,1,2,25
2022,15,3769,15673,1,2,23
2022,15,3769,15676,1,2,9
2022,15,3769,15686,1,2,8
2022,15,3769,15690,1,2,15
2022,15,3769,15693,1,2,14
2022,15,3769,15696,1,2,7
2022,15,3769,15720,1,2,14
2022,15,3769,15723,1,2,4
2022,15,3769,15740,1,2,13
2022,15,3769,15753,1,2,14
2022,15,3769,15755,1,2,33
2022,15,3769,15757,1,2,18
2022,15,3769,15761,1,2,7
2022,15,3769,15761,1,1,1
2022,15,3769,15762,1,2,7
2022,15,3769,15763,1,2,19
2022,15,3769,15764,1,2,10
2022,15,3769,15774,1,2,11
2022,15,3769,15776,1,2,12
2022,15,3769,15778,1,2,10
2022,15,3769,15790,1,2,18
2022,15,3769,15798,1,2,8
2022,15,3769,15806,1,2,11
2022,15,3769,15808,1,2,10
2022,15,3769,15810,1,2,8
2022,15,3769,15816,1,2,12
2022,15,3769,15820,1,2,4
2022,15,3769,15822,1,2,14
2022,15,3769,15832,1,2,6
2022,15,3769,15835,1,2,15
2022,15,3769,15837,1,2,15
2022,15,3769,15839,1,2,9
2022,15,3769,15842,1,2,22
2022,15,3769,15879,1,2,6
2022,17,3774,17001,1,2,43
2022,17,3773,17013,1,2,57
2022,17,3773,17042,1,2,54
2022,17,3773,17050,1,2,26
2022,17,3773,17088,1,2,26
2022,17,3773,17174,1,2,21
2022,73,3815,73268,1,1,16
2022,73,3815,73270,1,1,1
2022,73,3815,73275,1,1,9
2022,73,3815,73283,1,1,9
2022,73,3815,73319,1,1,13
2022,73,3815,73347,1,1,2
2022,73,3815,73349,1,1,9
2022,73,3815,73352,1,2,31
2022,73,3815,73352,1,1,3
2022,73,3815,73408,1,1,8
2022,73,3815,73411,1,1,14
2022,73,3815,73443,1,1,11
2022,73,3815,73449,1,1,7
2022,73,3815,73483,1,1,5
2022,73,3815,73483,1,2,30
2022,73,3815,73504,1,1,5
2022,73,3815,73520,1,1,3
2022,73,3815,73547,1,1,2
2022,73,3815,73555,1,1,3
2022,73,3815,73563,1,1,3
2022,73,3815,73585,1,1,5
2022,73,3815,73616,1,1,3
2022,73,3815,73622,1,1,2
2022,73,3815,73624,1,1,6
2022,73,3815,73671,1,1,5
2022,73,3815,73671,1,2,11
2022,73,3815,73675,1,1,3
2022,73,3815,73678,1,1,3
2022,73,3815,73686,1,1,3
2022,73,3815,73770,1,1,1
2022,73,3815,73854,1,1,2
2022,73,3815,73861,1,1,7
2022,73,3815,73870,1,1,2
2022,73,3815,73873,1,1,2
2022,76,3818,76001,1,1,307
2022,76,3818,76001,1,2,47
2022,76,3818,76001,2,1,592
2022,76,3817,76020,1,1,3
2022,76,3817,76036,1,1,8
2022,76,3817,76041,1,1,7
2022,76,3817,76054,1,1,3
2022,76,3817,76100,1,1,5
2022,76,3819,76109,1,1,63
2022,76,3819,76109,2,1,109
2022,76,3819,76109,1,2,151
2022,76,3820,76111,1,1,28
2022,76,3817,76113,1,2,36
2022,76,3817,76113,1,1,5
2022,76,3817,76122,1,1,11
2022,76,3817,76126,1,1,5
2022,76,3817,76130,1,1,6
2022,76,3817,76130,1,2,25
2022,76,3821,76147,1,1,30
2022,76,3817,76233,1,1,6
2022,76,3817,76243,1,1,3
2022,76,3817,76246,1,1,4
2022,76,3817,76248,1,1,12
2022,76,3817,76250,1,1,5
2022,76,3817,76275,1,1,15
2022,76,3817,76306,1,1,5
2022,76,3817,76318,1,1,6
2022,76,4815,76364,1,1,14
2022,76,4815,76364,1,2,60
2022,76,3817,76377,1,1,4
2022,76,3817,76400,1,1,12
2022,76,3817,76403,1,1,6
2022,76,3817,76497,1,1,5
2022,76,3822,76520,1,1,65
2022,76,3822,76520,2,1,101
2022,76,3817,76563,1,1,14
2022,76,3817,76606,1,1,4
2022,76,3817,76616,1,1,3
2022,76,3817,76622,1,1,12
2022,76,3817,76670,1,1,4
2022,76,3817,76736,1,1,17
2022,76,3817,76823,1,1,8
2022,76,3817,76828,1,1,5
2022,76,3823,76834,1,1,43
2022,76,3817,76845,1,1,3
2022,76,3817,76863,1,1,1
2022,76,3817,76869,1,1,4
2022,76,3817,76890,1,1,4
2022,76,4832,76892,1,1,22
2022,76,3817,76895,1,2,5
2022,76,3817,76895,1,1,14
2022,81,3824,81001,1,1,24
2022,81,3824,81065,1,1,7
2022,81,3824,81220,1,1,3
2022,81,3824,81300,1,1,3
2022,81,3824,81591,1,1,3
2022,81,3824,81591,1,2,9
2022,81,3824,81736,1,1,19
2022,81,3824,81794,1,1,16
2022,18,3776,18001,1,2,99
2022,18,3775,18029,1,1,2
2022,18,3775,18094,1,1,3
2022,18,3775,18256,1,1,4
2022,18,3775,18410,1,1,2
2022,18,3775,18460,1,1,2
2022,18,3775,18479,1,1,3
2022,18,3775,18756,1,1,1
2022,85,4841,85001,1,1,25
2022,85,3825,85010,1,1,10
2022,85,3825,85015,1,1,1
2022,85,3825,85015,1,2,7
2022,85,3825,85125,1,1,3
2022,85,3825,85125,1,2,58
2022,85,3825,85136,1,1,1
2022,85,3825,85139,1,1,5
2022,85,3825,85162,1,1,4
2022,85,3825,85225,1,1,1
2022,85,3825,85230,1,1,2
2022,85,3825,85250,1,1,12
2022,85,3825,85263,1,1,4
2022,85,3825,85279,1,1,1
2022,85,3825,85300,1,1,1
2022,85,3825,85315,1,1,1
2022,85,3825,85325,1,1,2
2022,85,3825,85400,1,1,1
2022,85,3825,85410,1,1,3
2022,85,3825,85430,1,1,3
2022,85,3825,85440,1,1,7
2022,86,3826,86001,1,1,10
2022,86,3826,86001,2,1,7
2022,86,3826,86219,1,1,2
2022,86,3826,86320,1,1,8
2022,86,3826,86568,1,1,17
2022,86,3826,86568,1,2,133
2022,86,3826,86573,1,1,7
2022,86,3826,86573,1,2,89
2022,86,3826,86749,1,1,5
2022,86,3826,86755,1,1,4
2022,86,3826,86757,1,1,4
2022,86,3826,86760,1,1,1
2022,86,3826,86865,1,1,6
2022,86,3826,86885,1,1,6
2022,88,3827,88001,1,2,9
2022,88,3827,88001,1,1,8
2022,91,3828,91001,1,1,11
2022,91,3828,91669,1,2,12
2022,91,3828,91263,1,2,8
2022,91,3828,91405,1,2,7
2022,91,3828,91407,1,2,19
2022,91,3828,91460,1,2,7
2022,91,3828,91540,1,2,13
2022,91,3828,91540,1,1,2
2022,91,3828,91798,1,2,12
2022,94,3829,94001,1,1,6
2022,95,3830,95001,1,1,14
2022,95,3830,95015,1,2,24
2022,95,3830,95025,1,1,1
2022,95,3830,95200,1,2,18
2022,97,3831,97001,1,1,7
2022,97,3831,97001,1,2,79
2022,97,3831,97889,1,2,6
2022,99,3832,99001,1,1,8
2022,99,3832,99524,1,1,3
2022,99,3832,99001,1,2,16
2022,99,3832,99001,2,1,4
2022,99,3832,99524,1,2,19
2022,99,3832,99773,1,2,190
2022,5,3761,5266,1,2,5
2022,5,3758,5002,1,2,64
2022,5,3758,5004,1,2,9
2022,5,3758,5021,1,2,12
2022,5,3758,5030,1,2,17
2022,5,3758,5031,1,2,57
2022,5,3758,5858,1,2,29
2022,5,3758,5036,1,2,5
2022,5,3758,5686,1,2,58
2022,5,3758,5038,1,2,36
2022,5,3758,5040,1,2,62
2022,5,3758,5042,1,2,37
2022,5,3758,5044,1,2,17
2022,5,7692,5045,1,2,48
2022,5,3758,5051,1,2,65
2022,5,3758,5659,1,2,33
2022,5,3758,5055,1,2,43
2022,5,3758,5059,1,2,6
2022,5,3758,5079,1,2,43
2022,5,3758,5086,1,2,12
2022,5,3758,5658,1,2,5
2022,5,3760,5088,1,2,7
2022,5,3758,5091,1,2,26
2022,5,3758,5093,1,2,39
2022,5,3758,5107,1,2,35
2022,5,3758,5113,1,2,27
2022,5,3758,5120,1,2,47
2022,5,3758,5154,1,2,59
2022,5,3758,5125,1,2,19
2022,5,3758,5129,1,2,14
2022,5,3758,5134,1,2,45
2022,5,3758,5138,1,2,56
2022,5,3758,5145,1,2,16
2022,5,3758,5172,1,2,32
2022,5,3758,5150,1,2,5
2022,5,3758,5190,1,2,9
2022,5,3758,5197,1,2,57
2022,5,3758,5652,1,2,23
2022,5,3758,5652,1,1,1
2022,5,3758,5206,1,2,19
2022,5,3758,5234,1,2,78
2022,5,3758,5237,1,2,16
2022,5,3758,5240,1,2,31
2022,5,3758,5250,1,2,76
2022,5,3758,5264,1,2,12
2022,5,3758,5282,1,2,29
2022,5,3758,5284,1,2,83
2022,5,3758,5306,1,2,12
2022,5,3758,5308,1,2,24
2022,5,3758,5310,1,2,16
2022,5,3758,5315,1,2,17
2022,5,3758,5318,1,2,29
2022,5,3758,5321,1,2,6
2022,5,3758,5667,1,2,48
2022,5,3758,5347,1,2,12
2022,5,3758,5353,1,2,9
2022,5,3758,5361,1,2,104
2022,5,3758,5364,1,2,18
2022,5,3758,5368,1,2,26
2022,5,3758,5376,1,2,16
2022,5,3758,5585,1,2,18
2022,5,3758,5400,1,2,24
2022,52,3798,52885,1,1,2
2022,54,3802,54001,1,1,157
2022,54,3802,54001,2,1,194
2022,54,3801,54003,1,1,5
2022,54,3801,54051,1,1,1
2022,54,3801,54099,1,1,2
2022,54,3801,54109,1,1,2
2022,54,3801,54125,1,1,2
2022,54,3801,54128,1,1,4
2022,54,3801,54172,1,1,4
2022,54,3801,54174,1,1,5
2022,54,3801,54206,1,1,7
2022,54,3801,54223,1,1,3
2022,54,3801,54239,1,1,1
2022,54,3801,54245,1,1,3
2022,54,3801,54245,1,2,94
2022,54,3801,54250,1,1,4
2022,54,3801,54261,1,1,4
2022,54,3801,54313,1,1,1
2022,54,3801,54344,1,1,3
2022,54,3801,54347,1,1,1
2022,54,3801,54377,1,1,1
2022,54,3801,54398,1,1,2
2022,54,3801,54405,1,1,19
2022,54,3801,54418,1,1,1
2022,54,3801,54480,1,1,3
2022,54,3801,54498,1,1,30
2022,54,3801,54498,1,2,87
2022,54,3801,54518,1,1,18
2022,54,3801,54520,1,1,2
2022,54,3801,54599,1,1,3
2022,54,3801,54660,1,1,4
2022,54,3801,54670,1,1,2
2022,54,3801,54673,1,1,2
2022,54,3801,54680,1,1,2
2022,54,3801,54720,1,1,4
2022,54,3801,54743,1,1,2
2022,54,3801,54800,1,1,2
2022,54,3801,54810,1,1,9
2022,54,3801,54820,1,1,2
2022,54,3801,54871,1,1,2
2022,54,3801,54874,1,1,23
2022,63,3804,63001,1,1,55
2022,63,3803,63111,1,1,1
2022,63,3803,63130,1,1,12
2022,63,3803,63190,1,1,6
2022,63,3803,63212,1,1,1
2022,63,3803,63272,1,1,3
2022,63,3803,63302,1,1,5
2022,63,3803,63401,1,1,8
2022,63,3803,63470,1,1,11
2022,63,3803,63548,1,1,3
2022,63,3803,63594,1,1,10
2022,63,3803,63690,1,1,3
2022,66,3806,66001,1,1,74
2022,66,3806,66001,1,2,98
2022,66,3805,66045,1,1,5
2022,66,3805,66075,1,1,1
2022,66,3805,66088,1,1,7
2022,66,3807,66170,1,1,46
2022,66,3807,66170,1,2,27
2022,66,3805,66318,1,1,3
2022,66,3805,66383,1,1,3
2022,66,3805,66400,1,1,11
2022,66,3805,66400,1,2,3
2022,66,3805,66440,1,1,6
2022,66,3805,66456,1,1,2
2022,66,3805,66572,1,1,3
2022,66,3805,66594,1,1,6
2022,66,3805,66682,1,1,23
2022,66,3805,66682,1,2,43
2022,66,3805,66687,1,1,4
2022,68,3809,68001,1,1,100
2022,68,3809,68001,2,1,145
2022,68,3808,68013,1,1,1
2022,68,3808,68020,1,1,2
2022,68,3808,68051,1,1,1
2022,68,3808,68077,1,1,5
2022,68,3808,68079,1,1,2
2022,68,3810,68081,1,1,54
2022,68,3808,68092,1,1,1
2022,68,3808,68101,1,1,1
2022,68,3808,68121,1,1,1
2022,68,3808,68132,1,1,2
2022,68,3808,68147,1,1,1
2022,68,3808,68152,1,1,1
2022,68,3808,68152,1,2,28
2022,68,3808,68160,1,1,1
2022,68,3808,68162,1,1,1
2022,68,3808,68167,1,1,4
2022,68,3808,68169,1,1,2
2022,68,3808,68176,1,1,1
2022,68,3808,68179,1,1,1
2022,68,3808,68190,1,1,3
2022,68,3808,68207,1,1,2
2022,68,3808,68209,1,1,1
2022,68,3808,68211,1,1,4
2022,68,3808,68217,1,1,1
2022,68,3808,68229,1,1,3
2022,68,3808,68235,1,1,2
2022,68,3808,68245,1,1,2
2022,68,3808,68250,1,1,2
2022,68,3808,68255,1,1,4
2022,68,3808,68264,1,1,2
2022,68,3808,68266,1,1,2
2022,68,3808,68271,1,1,1
2022,68,3811,68276,1,1,40
2022,68,3808,68296,1,1,2
2022,68,3808,68298,1,1,1
2022,68,3812,68307,1,1,24
2022,68,3812,68307,1,2,34
2022,68,3808,68318,1,1,1
2022,68,3808,68320,1,1,3
2022,68,3808,68322,1,1,1
2022,68,3808,68324,1,1,1
2022,68,3808,68327,1,1,1
2022,68,3808,68344,1,1,1
2022,68,3808,68344,1,2,9
2022,68,3808,68368,1,1,1
2022,68,3808,68370,1,2,7
2022,68,3808,68377,1,1,2
2022,68,3808,68385,1,1,1
2022,68,3808,68397,1,1,1
2022,68,3808,68406,1,1,2
2022,68,3808,68418,1,1,2
2022,68,3808,68425,1,1,1
2022,68,3808,68432,1,1,8
2022,68,3808,68444,1,1,1
2022,68,3808,68464,1,1,1
2022,68,3808,68468,1,2,25
2022,68,3808,68468,1,1,1
2022,68,3808,68498,1,1,1
2022,68,3808,68500,1,1,2
2022,68,3808,68502,1,1,3
2022,68,3808,68522,1,1,1
2022,68,3808,68524,1,1,1
2022,68,3808,68533,1,1,1
2022,68,4700,68547,1,1,16
2022,68,3808,68549,1,1,2
2022,68,3808,68572,1,1,3
2022,68,3808,68573,1,1,1
2022,68,3808,68575,1,1,9
2022,68,3808,68615,1,1,1
2022,68,3808,68655,1,1,7
2022,68,3808,68669,1,1,4
2022,68,3808,68673,1,1,2
2022,68,3808,68679,1,1,11
2022,68,3808,68682,1,1,2
2022,68,3808,68684,1,1,1
2022,68,3808,68686,1,1,1
2022,68,3808,68689,1,1,6
2022,68,3808,68705,1,1,1
2022,68,3808,68720,1,1,1
2022,68,3808,68745,1,1,1
2022,68,3808,68755,1,1,9
2022,68,3808,68770,1,2,23
2022,68,3808,68773,1,1,1
2022,68,3808,68780,1,1,2
2022,68,3808,68820,1,1,3
2022,68,3808,68855,1,1,1
2022,68,3808,68861,1,1,6
2022,68,3808,68867,1,1,1
2022,68,3808,68872,1,1,2
2022,68,3808,68895,1,1,2
2022,70,3814,70001,1,1,58
2022,70,3814,70001,2,1,67
2022,70,3814,70001,1,2,33
2022,70,3813,70110,1,1,4
2022,70,3813,70124,1,1,4
2022,70,3813,70204,1,1,3
2022,70,3813,70215,1,1,19
2022,70,3813,70215,1,2,18
2022,70,3813,70215,2,1,14
2022,70,3813,70230,1,1,2
2022,70,3813,70235,1,1,8
2022,70,3813,70265,1,1,3
2022,70,3813,70265,1,2,42
2022,70,3813,70400,1,1,4
2022,70,3813,70400,1,2,22
2022,70,3813,70418,1,1,3
2022,70,3813,70418,1,2,24
2022,70,3813,70418,2,1,3
2022,70,3813,70429,1,1,5
2022,70,3813,70429,1,2,83
2022,70,3813,70473,1,1,4
2022,70,3813,70508,1,1,6
2022,70,3813,70523,1,1,2
2022,70,3813,70523,1,2,20
2022,70,3813,70670,1,1,7
2022,70,3813,70678,1,1,2
2022,70,3813,70678,1,2,43
2022,70,3813,70702,1,2,14
2022,70,3813,70702,1,1,2
2022,70,3813,70708,1,1,10
2022,70,3813,70708,1,2,39
2022,70,3813,70713,1,2,53
2022,70,3813,70713,1,1,11
2022,70,3813,70717,1,1,7
2022,70,3813,70742,1,1,8
2022,70,3813,70771,1,1,5
2022,70,3813,70771,1,2,65
2022,70,3813,70820,1,1,11
2022,70,3813,70221,1,2,9
2022,70,3813,70823,1,2,21
2022,70,3813,70823,1,1,4
2022,73,3816,73001,1,1,113
2022,73,3816,73001,1,2,103
2022,73,3815,73024,1,1,1
2022,73,3815,73026,1,1,2
2022,73,3815,73030,1,1,3
2022,73,3815,73043,1,1,2
2022,73,3815,73055,1,1,5
2022,73,3815,73067,1,1,3
2022,73,3815,73124,1,1,5
2022,73,3815,73148,1,1,2
2022,73,3815,73152,1,1,2
2022,73,3815,73168,1,1,17
2022,73,3815,73200,1,1,1
2022,73,3815,73217,1,1,3
2022,73,3815,73226,1,1,2
2022,73,3815,73236,1,1,3
2022,27,3789,27160,1,2,5
2022,27,3789,27580,1,2,17
2022,27,3789,27205,1,2,10
2022,27,3789,27580,1,1,2
2022,27,3789,27450,1,2,22
2022,27,3789,27413,1,2,44
2022,27,3789,27450,1,1,3
2022,27,3789,27810,1,2,12
2022,27,3789,27250,1,1,2
2022,27,3789,27372,1,2,17
2022,27,3789,27491,1,2,34
2022,27,3789,27495,1,2,19
2022,27,3789,27150,1,1,1
2022,27,3789,27660,1,2,14
2022,27,3789,27745,1,2,14
2022,27,3789,27787,1,2,43
2022,27,3789,27810,1,1,1
2022,27,3789,27800,1,2,29
2022,41,3790,41615,1,2,23
2022,41,3790,41006,1,2,80
2022,41,3790,41013,1,2,18
2022,41,3790,41016,1,2,26
2022,41,3790,41020,1,2,54
2022,41,3790,41026,1,2,6
2022,41,3790,41206,1,2,53
2022,41,3790,41244,1,2,11
2022,41,3790,41298,1,2,86
2022,41,3790,41306,1,2,41
2022,41,3790,41319,1,2,46
2022,41,3790,41349,1,2,5
2022,41,3790,41357,1,2,28
2022,41,3790,41378,1,2,31
2022,41,3790,41396,1,2,117
2022,41,3790,41483,1,2,19
2022,41,3790,41503,1,2,25
2022,41,3790,41518,1,2,19
2022,41,3790,41668,1,2,81
2022,41,3790,41548,1,2,36
2022,41,3790,41660,1,2,38
2022,41,3790,41676,1,2,36
2022,41,3790,41770,1,2,51
2022,41,3790,41791,1,2,46
2022,41,3790,41797,1,2,15
2022,41,3790,41799,1,2,42
2022,41,3790,41801,1,2,19
2022,41,3790,41807,1,2,31
2022,41,3790,41872,1,2,12
2022,41,3790,41885,1,2,4
2022,44,3792,44090,1,2,29
2022,44,3792,44035,1,2,33
2022,44,3792,44378,1,2,12
2022,44,3792,44098,1,1,2
2022,44,3792,44420,1,2,4
2022,44,3792,44420,1,1,2
2022,44,3792,44035,1,1,2
2022,44,3792,44560,1,2,247
2022,44,3792,44650,1,2,47
2022,44,4460,44847,1,2,503
2022,47,3794,47030,1,2,7
2022,47,3794,47268,1,2,11
2022,47,3794,47660,1,2,38
2022,47,3794,47205,1,2,7
2022,47,3794,47161,1,2,5
2022,47,3794,47205,1,1,3
2022,47,3794,47555,1,2,33
2022,47,3795,47189,1,2,89
2022,47,3794,47980,1,2,61
2022,47,3794,47245,1,2,50
2022,47,3794,47288,1,2,45
2022,47,3794,47318,1,2,38
2022,47,3794,47460,1,2,28
2022,47,3794,47960,1,2,9
2022,47,3794,47960,1,1,4
2022,47,3794,47541,1,2,9
2022,47,3794,47707,1,2,24
2022,47,3794,47551,1,2,36
2022,47,3794,47720,1,2,11
2022,47,3794,47570,1,2,17
2022,47,3794,47605,1,2,8
2022,47,3794,47675,1,2,4
2022,47,3794,47703,1,2,17
2022,47,3794,47745,1,2,13
2022,50,3797,50001,1,2,53
2022,50,3797,50001,2,2,6
2022,50,3796,50006,1,2,34
2022,50,3796,50110,1,2,7
2022,50,3796,50124,1,2,9
2022,50,3796,50150,1,2,9
2022,50,3796,50223,1,2,6
2022,50,3796,50270,1,2,9
2022,50,3796,50270,1,1,1
2022,50,3796,50226,1,2,12
2022,50,3796,50110,1,1,1
2022,50,3796,50606,1,2,13
2022,50,3796,50251,1,2,25
2022,50,3796,50287,1,2,26
2022,50,3796,50400,1,2,27
2022,50,3796,50318,1,2,11
2022,50,3796,50325,1,2,28
2022,50,3796,50330,1,2,50
2022,50,3796,50370,1,2,49
2022,50,3796,50350,1,2,111
2022,50,3796,50450,1,2,27
2022,50,3796,50590,1,2,37
2022,50,3796,50568,1,2,127
2022,50,3796,50573,1,2,33
2022,50,3796,50680,1,2,4
2022,50,3796,50683,1,2,17
2022,50,3796,50711,1,2,60
2022,50,3796,50686,1,2,7
2022,50,3796,50689,1,2,27
2022,52,3798,52240,1,2,21
2022,52,3798,52480,1,2,1
2022,52,3798,52240,1,1,1
2022,52,3798,52480,1,1,2
2022,52,3798,52019,1,2,16
2022,52,3798,52685,1,2,17
2022,52,3798,52685,1,1,2
2022,52,3798,52036,1,2,18
2022,52,3798,52694,1,2,17
2022,52,3798,52694,1,1,2
2022,52,3798,52079,1,2,135
2022,52,3798,52083,1,2,9
2022,52,3798,52110,1,2,68
2022,52,3798,52203,1,2,22
2022,52,3798,52207,1,2,19
2022,52,3798,52210,1,2,14
2022,52,3798,52215,1,2,30
2022,52,3798,52224,1,2,11
2022,52,3798,52227,1,2,56
2022,52,3798,52233,1,2,44
2022,52,3798,52250,1,2,55
2022,52,3798,52390,1,2,15
2022,52,3798,52256,1,2,24
2022,52,3798,52258,1,2,39
2022,52,3798,52260,1,2,33
2022,52,3798,52254,1,2,14
2022,52,3798,52254,1,1,2
2022,52,3798,52287,1,2,11
2022,52,3798,52317,1,2,21
2022,52,3798,52320,1,2,24
2022,52,3798,52323,1,2,8
2022,52,3798,52352,1,2,16
2022,52,4546,52356,1,2,68
2022,52,3798,52381,1,2,28
2022,52,3798,52385,1,2,9
2022,52,3798,52399,1,2,32
2022,52,3798,52411,1,2,29
2022,52,3798,52385,1,1,1
2022,52,3798,52427,1,2,32
2022,52,3798,52435,1,2,20
2022,52,3798,52473,1,2,26
2022,52,3798,52506,1,2,12
2022,52,3798,52520,1,2,15
2022,52,3798,52540,1,2,47
2022,52,3798,52560,1,2,23
2022,52,3798,52565,1,2,12
2022,52,3798,52573,1,2,18
2022,52,3798,52585,1,2,25
2022,52,3798,52612,1,2,73
2022,52,3798,52621,1,2,59
2022,52,3798,52678,1,2,72
2022,52,3798,52683,1,2,21
2022,52,3798,52687,1,2,46
2022,52,3798,52696,1,2,55
2022,52,3798,52720,1,2,9
2022,52,3798,52786,1,2,37
2022,52,3798,52788,1,2,31
2022,52,3800,52835,2,2,6
2022,52,3798,52838,1,2,56
2022,52,3798,52565,1,1,2
2022,52,3798,52885,1,2,21
2022,54,3802,54001,1,2,62
2022,54,3801,54553,1,1,3
2022,54,3801,54553,1,2,2
2022,54,3801,54003,1,2,124
2022,54,3801,54385,1,2,59
2022,54,3801,54051,1,2,39
2022,54,3801,54099,1,2,15
2022,54,3801,54109,1,2,29
2022,54,3801,54125,1,2,11
2022,54,3801,54128,1,2,52
2022,54,3801,54385,1,1,2
2022,54,3801,54172,1,2,24
2022,54,3801,54174,1,2,42
2022,54,3801,54206,1,2,83
2022,54,3801,54223,1,2,39
2022,54,3801,54239,1,2,16
2022,54,3801,54250,1,2,76
2022,54,3801,54261,1,2,41
2022,54,3801,54313,1,2,26
2022,54,3801,54344,1,2,62
2022,54,3801,54347,1,2,13
2022,54,3801,54377,1,2,24
2022,54,3801,54398,1,2,40
2022,54,3801,54405,1,2,6
2022,54,3801,54418,1,2,18
2022,54,3801,54480,1,2,12
2022,54,3801,54518,1,2,24
2022,54,3801,54520,1,2,17
2022,54,3801,54599,1,2,9
2022,54,3801,54660,1,2,41
2022,54,3801,54670,1,2,69
2022,54,3801,54673,1,2,6
2022,54,3801,54680,1,2,10
2022,54,3801,54720,1,2,119
2022,54,3801,54743,1,2,19
2022,54,3801,54800,1,2,92
2022,54,3801,54810,1,2,130
2022,54,3801,54820,1,2,82
2022,54,3801,54871,1,2,32
2022,54,3801,54874,1,2,4
2022,63,3804,63001,1,2,16
2022,63,3803,63111,1,2,10
2022,63,3803,63130,1,2,33
2022,63,3803,63690,1,2,14
2022,63,3803,63190,1,2,21
2022,63,3803,63212,1,2,13
2022,63,3803,63272,1,2,24
2022,63,3803,63302,1,2,25
2022,63,3803,63401,1,2,6
2022,27,3789,27006,1,1,4
2022,27,3789,27025,1,1,2
2022,27,3789,27073,1,1,2
2022,27,3789,27075,1,1,3
2022,27,3789,27077,1,1,4
2022,27,3789,27077,1,2,69
2022,27,3789,27099,1,1,1
2022,27,3789,27135,1,1,2
2022,27,3789,27205,1,1,7
2022,27,3789,27245,1,2,27
2022,27,3789,27245,1,1,2
2022,27,3789,27361,1,1,13
2022,27,3789,27361,1,2,28
2022,27,3789,27413,1,1,3
2022,27,3789,27430,1,2,55
2022,27,3789,27491,1,1,3
2022,27,3789,27495,1,1,3
2022,27,3789,27150,1,2,45
2022,27,3789,27615,1,1,7
2022,27,3789,27615,1,2,116
2022,27,3789,27660,1,1,1
2022,27,3789,27745,1,1,2
2022,27,3789,27787,1,1,8
2022,27,3789,27800,1,1,4
2022,41,3791,41001,1,1,91
2022,41,3791,41001,2,1,129
2022,41,3791,41001,1,2,76
2022,41,3790,41006,1,1,6
2022,41,3790,41013,1,1,3
2022,41,3790,41016,1,1,1
2022,41,3790,41020,1,1,4
2022,41,3790,41026,1,1,3
2022,41,3790,41078,1,1,3
2022,41,3790,41078,1,2,26
2022,41,3790,41132,1,1,15
2022,41,3790,41132,1,2,31
2022,41,3790,41206,1,1,2
2022,41,3790,41244,1,1,2
2022,41,3790,41298,1,1,13
2022,41,3790,41306,1,1,5
2022,41,3790,41319,1,1,4
2022,41,3790,41349,1,1,3
2022,41,3790,41357,1,1,3
2022,41,3790,41359,1,1,3
2022,41,3790,41359,1,2,58
2022,41,3790,41378,1,1,2
2022,41,3790,41396,1,1,14
2022,41,3790,41483,1,1,3
2022,41,3790,41503,1,1,2
2022,41,3790,41518,1,1,2
2022,41,3790,41524,1,1,6
2022,41,3790,41524,1,2,47
2022,41,3790,41530,1,2,38
2022,41,3790,41530,1,1,2
2022,41,3790,41548,1,1,3
2022,41,4436,41551,1,1,24
2022,41,4436,41551,1,2,134
2022,41,3790,41615,1,1,5
2022,41,3790,41660,1,1,2
2022,41,3790,41668,1,1,7
2022,41,3790,41676,1,1,3
2022,41,3790,41770,1,1,4
2022,41,3790,41791,1,1,4
2022,41,3790,41797,1,1,5
2022,41,3790,41799,1,1,2
2022,41,3790,41801,1,1,2
2022,41,3790,41807,1,1,5
2022,41,3790,41872,1,1,2
2022,41,3790,41885,1,1,4
2022,44,4449,44001,1,1,34
2022,44,4449,44001,1,2,231
2022,44,3792,44078,1,1,9
2022,44,3792,44078,1,2,26
2022,44,3792,44090,1,1,3
2022,44,3792,44110,1,1,2
2022,44,3792,44279,1,1,13
2022,44,3792,44098,1,2,13
2022,44,3792,44279,1,2,14
2022,44,3792,44378,1,1,3
2022,44,3793,44430,1,1,38
2022,44,3793,44430,1,2,164
2022,44,3792,44560,1,1,7
2022,44,3792,44650,1,1,11
2022,44,4460,44847,1,1,8
2022,44,3792,44855,1,1,4
2022,44,3792,44855,1,2,9
2022,44,3792,44874,1,1,15
2022,44,3792,44874,1,2,6
2022,47,4911,47001,1,1,100
2022,47,4911,47001,1,2,86
2022,47,4911,47001,2,1,213
2022,47,3794,47030,1,1,7
2022,47,3794,47053,1,1,14
2022,47,3794,47053,1,2,39
2022,47,3794,47058,1,1,8
2022,47,3794,47058,1,2,27
2022,47,3794,47161,1,1,4
2022,47,3794,47170,1,1,8
2022,47,3794,47170,1,2,16
2022,47,3795,47189,1,1,27
2022,47,3794,47245,1,1,21
2022,47,3794,47258,1,1,3
2022,47,3794,47258,1,2,15
2022,47,3794,47268,1,1,8
2022,47,3794,47288,1,1,25
2022,47,3794,47318,1,1,7
2022,47,3794,47460,1,1,4
2022,47,3794,47541,1,1,4
2022,47,3794,47545,1,1,1
2022,47,3794,47551,1,1,12
2022,47,3794,47555,1,1,22
2022,47,3794,47570,1,1,4
2022,47,3794,47605,1,1,5
2022,47,3794,47660,1,1,2
2022,47,3794,47675,1,1,3
2022,47,3794,47692,1,1,4
2022,47,3794,47692,1,2,34
2022,47,3794,47703,1,1,2
2022,47,3794,47707,1,1,11
2022,47,3794,47545,1,2,28
2022,47,3794,47720,1,1,3
2022,47,3794,47745,1,1,5
2022,47,3794,47798,1,1,4
2022,47,3794,47798,1,2,19
2022,50,3797,50001,1,1,109
2022,50,3797,50001,2,1,180
2022,50,3796,50006,1,1,15
2022,50,3796,50124,1,1,1
2022,50,3796,50150,1,1,1
2022,50,3796,50223,1,1,1
2022,50,3796,50226,1,1,4
2022,50,3796,50226,2,1,6
2022,50,3796,50245,1,1,1
2022,50,3796,50245,1,2,10
2022,50,3796,50251,1,1,1
2022,50,3796,50287,1,1,2
2022,50,3796,50313,1,1,18
2022,50,3796,50313,1,2,29
2022,50,3796,50318,1,1,1
2022,50,3796,50325,1,1,1
2022,50,3796,50330,1,1,2
2022,50,3796,50350,1,1,2
2022,50,3796,50370,1,1,2
2022,50,3796,50400,1,1,2
2022,50,3796,50450,1,1,2
2022,50,3796,50568,1,1,5
2022,50,3796,50573,1,1,8
2022,50,3796,50577,1,1,2
2022,50,3796,50577,1,2,22
2022,50,3796,50590,1,1,3
2022,50,3796,50606,1,1,6
2022,50,3796,50680,1,1,1
2022,50,3796,50683,1,1,3
2022,50,3796,50686,1,1,1
2022,50,3796,50689,1,1,10
2022,50,3796,50711,1,1,4
2022,52,3799,52001,1,1,50
2022,52,3799,52001,1,2,90
2022,52,3798,52019,1,1,3
2022,52,3798,52022,1,2,8
2022,52,3798,52036,1,1,3
2022,52,3798,52051,1,2,27
2022,52,3798,52079,1,1,12
2022,52,3798,52083,1,1,3
2022,52,3798,52110,1,1,4
2022,52,3798,52203,1,1,3
2022,52,3798,52207,1,1,2
2022,52,3798,52210,1,1,3
2022,52,3798,52215,1,1,3
2022,52,3798,52224,1,1,3
2022,52,3798,52227,1,1,4
2022,52,3798,52233,1,1,2
2022,52,3798,52250,1,1,13
2022,52,3798,52256,1,1,2
2022,52,3798,52258,1,1,2
2022,52,3798,52260,1,1,3
2022,52,3798,52287,1,1,3
2022,52,3798,52317,1,1,3
2022,52,3798,52320,1,1,4
2022,52,3798,52323,1,1,3
2022,52,3798,52352,1,1,2
2022,52,3798,52354,1,1,1
2022,52,3798,52354,1,2,19
2022,52,4546,52356,1,1,14
2022,52,3798,52378,1,1,4
2022,52,3798,52378,1,2,31
2022,52,3798,52381,1,1,3
2022,52,3798,52390,1,1,5
2022,52,3798,52399,1,1,6
2022,52,3798,52405,1,1,1
2022,52,3798,52405,1,2,35
2022,52,3798,52411,1,1,4
2022,52,3798,52418,1,1,4
2022,52,3798,52418,1,2,24
2022,52,3798,52427,1,1,3
2022,52,3798,52435,1,1,2
2022,52,3798,52473,1,1,1
2022,52,3798,52490,1,1,6
2022,52,3798,52490,1,2,71
2022,52,3798,52506,1,1,3
2022,52,3798,52520,1,1,3
2022,52,3798,52540,1,1,3
2022,52,3798,52560,1,1,3
2022,52,3798,52573,1,1,2
2022,52,3798,52585,1,1,5
2022,52,3798,52612,1,1,5
2022,52,3798,52621,1,1,6
2022,52,3798,52678,1,1,6
2022,52,3798,52683,1,1,3
2022,52,3798,52687,1,1,2
2022,52,3798,52693,1,1,4
2022,52,3798,52693,1,2,31
2022,52,3798,52696,1,1,3
2022,52,3798,52699,1,2,38
2022,52,3798,52699,1,1,1
2022,52,3798,52720,1,1,3
2022,52,3798,52786,1,1,4
2022,52,3798,52788,1,1,3
2022,52,3800,52835,1,1,35
2022,52,3800,52835,1,2,299
2022,52,3798,52838,1,1,11
